,Actual_Revenue,Predicted_Revenue,Residual,Abs_Residual,total_freight_value,total_payment,payment_installments
30113,47.48,219.12735989699817,-171.64735989699818,171.64735989699818,29.56,308.16,1.0
30116,47.48,219.12735989699817,-171.64735989699818,171.64735989699818,29.56,308.16,1.0
41139,39.96,201.63948489657528,-161.67948489657527,161.67948489657527,30.2,280.64,4.0
4290,74.69999999999999,220.85392555310938,-146.1539255531094,146.1539255531094,25.92,301.86,1.0
22567,73.5,218.38996871668587,-144.88996871668587,144.88996871668587,26.76,300.78000000000003,1.0
6148,74.69999999999999,219.38947565684197,-144.68947565684198,144.68947565684198,23.35,294.12,1.0
6147,74.69999999999999,219.38947565684197,-144.68947565684198,144.68947565684198,23.35,294.12,1.0
47781,66.0,204.13375829012034,-138.13375829012034,138.13375829012034,38.43,310.28,1.0
18973,68.4,203.346028728178,-134.946028728178,134.946028728178,22.17,271.71,1.0
28922,59.97,189.33636710397997,-129.36636710397997,129.36636710397997,22.98,248.85,4.0
34508,59.7,182.725620182019,-123.02562018201898,123.02562018201898,23.34,249.12,1.0
18707,41.97,155.87196148696987,-113.90196148696987,113.90196148696987,39.18,252.81,1.0
28628,139.8,253.62343905389994,-113.82343905389993,113.82343905389993,0.0,279.6,2.0
18566,139.8,253.62343905389994,-113.82343905389993,113.82343905389993,0.0,279.6,2.0
39455,48.0,161.66043918605033,-113.66043918605033,113.66043918605033,22.17,210.51,5.0
39456,48.0,161.66043918605033,-113.66043918605033,113.66043918605033,22.17,210.51,5.0
32333,53.58,167.10351369769987,-113.52351369769987,113.52351369769987,22.17,227.25,1.0
39417,141.78,253.83830367464077,-112.05830367464077,112.05830367464077,14.24,310.28,3.0
18532,127.05,238.8356237689439,-111.78562376894389,111.78562376894389,24.74,303.58,8.0
15939,139.8,251.57271588238473,-111.77271588238472,111.77271588238472,0.0,279.6,1.0
27380,139.8,251.57271588238473,-111.77271588238472,111.77271588238472,0.0,279.6,1.0
34071,139.8,251.57271588238473,-111.77271588238472,111.77271588238472,0.0,279.6,1.0
3755,50.7,160.86727916555114,-110.16727916555114,110.16727916555114,23.61,222.93,1.0
26432,51.0,160.79408800413486,-109.79408800413486,109.79408800413486,22.17,219.51,1.0
16302,44.97,154.60356174167512,-109.63356174167512,109.63356174167512,37.44,247.23,1.0
17790,135.0,243.8828647066649,-108.88286470666489,108.88286470666489,15.56,301.12,3.0
46394,119.8,228.56010415999071,-108.76010415999072,108.76010415999072,18.68,276.96,8.0
46395,119.8,228.56010415999071,-108.76010415999072,108.76010415999072,18.68,276.96,8.0
31044,138.0,246.46320992999034,-108.46320992999034,108.46320992999034,16.58,309.16,2.0
19623,127.8,236.22708809921713,-108.42708809921713,108.42708809921713,23.68,302.96,6.0
19624,127.8,236.22708809921713,-108.42708809921713,108.42708809921713,23.68,302.96,6.0
31365,123.8,231.81251069228585,-108.01251069228586,108.01251069228586,23.46,294.52,7.0
34527,139.98,247.37620176161727,-107.39620176161728,107.39620176161728,16.58,310.28,2.0
36282,136.8,244.09137374694257,-107.29137374694255,107.29137374694255,18.21,310.02,2.0
4883,137.98,244.37987990734555,-106.39987990734556,106.39987990734556,16.58,309.12,1.0
42009,138.0,244.32073642626696,-106.32073642626696,106.32073642626696,16.94,309.88,1.0
23577,144.76,250.76957002431598,-106.00957002431599,106.00957002431599,14.78,310.28,2.0
12933,44.97,150.8046477396956,-105.83464773969561,105.83464773969561,23.34,204.93,3.0
29207,134.0,239.355657026087,-105.35565702608699,105.35565702608699,18.88,305.76,2.0
26858,124.8,229.84603373287683,-105.04603373287684,105.04603373287684,21.48,292.56,5.0
1665,130.0,233.6270133515439,-103.6270133515439,103.6270133515439,30.4,310.28,8.0
1664,130.0,233.6270133515439,-103.6270133515439,103.6270133515439,30.4,310.28,8.0
27352,125.98,229.21448795085954,-103.23448795085953,103.23448795085953,23.46,298.88,4.0
9914,134.8,237.96298390943667,-103.16298390943666,103.16298390943666,28.1,310.28,8.0
14279,124.8,227.79531056136162,-102.99531056136162,102.99531056136162,21.48,292.56,4.0
42279,116.4,219.20093860292016,-102.80093860292016,102.80093860292016,17.56,267.92,6.0
22763,119.8,222.2633795035111,-102.46337950351109,102.46337950351109,35.34,310.28,7.0
20031,41.4,143.84118023796657,-102.44118023796656,102.44118023796656,26.45,203.58,3.0
47258,118.0,220.2684875895906,-102.26848758959059,102.26848758959059,15.56,267.12,5.0
18321,129.8,231.89262512838678,-102.09262512838677,102.09262512838677,31.32,310.28,8.0
29043,112.0,213.48340978545224,-101.48340978545224,101.48340978545224,27.94,279.88,8.0
24998,124.9,226.3578112440455,-101.4578112440455,101.4578112440455,27.76,305.32,4.0
38914,119.8,220.69450986148098,-100.89450986148098,100.89450986148098,37.26,310.28,8.0
19517,119.8,220.31806596737138,-100.51806596737138,100.51806596737138,26.88,293.36,5.0
41478,128.98,229.27353144140534,-100.29353144140535,100.29353144140535,18.28,294.52,1.0
30068,44.400000000000006,144.65369669501504,-100.25369669501504,100.25369669501504,22.17,199.71,1.0
947,128.8,228.9851670219178,-100.18516702191778,100.18516702191778,18.26,294.12,1.0
946,128.8,228.9851670219178,-100.18516702191778,100.18516702191778,18.26,294.12,1.0
22411,123.8,223.56119421978184,-99.76119421978184,99.76119421978184,23.65,294.9,3.0
45417,124.0,223.614560354792,-99.61456035479199,99.61456035479199,24.72,297.44,3.0
41235,119.8,219.30045023466926,-99.50045023466926,99.50045023466926,14.78,269.16,3.0
4689,110.0,209.2764703092918,-99.2764703092918,99.2764703092918,15.56,251.12,6.0
15234,118.0,217.16844905575584,-99.16844905575584,99.16844905575584,35.77,307.54,6.0
40526,119.8,218.92142202153673,-99.12142202153673,99.12142202153673,32.36,304.32,5.0
19163,114.0,213.03860090940984,-99.03860090940984,99.03860090940984,18.34,264.68,5.0
35411,112.2,211.06206557118236,-98.86206557118236,98.86206557118236,38.72,301.84,8.0
16139,106.9,205.41587892031492,-98.51587892031492,98.51587892031492,26.97,267.74,8.0
9248,119.8,218.26734279585617,-98.46734279585617,98.46734279585617,26.88,293.36,4.0
29834,119.8,218.16193316048066,-98.36193316048066,98.36193316048066,35.34,310.28,5.0
2957,121.8,220.0618399647648,-98.2618399647648,98.2618399647648,35.42,310.28,6.0
4190,130.46,228.32093318480068,-97.86093318480067,97.86093318480067,25.6,310.28,1.0
17978,119.8,217.28867258563628,-97.48867258563628,97.48867258563628,30.72,301.04,4.0
48922,124.8,222.02543409768313,-97.22543409768313,97.22543409768313,19.98,289.56,1.0
555,119.94,217.07491704793568,-97.13491704793569,97.13491704793569,39.18,310.28,8.0
38358,107.89,204.9833759189181,-97.09337591891811,97.09337591891811,35.0,285.78,8.0
23398,118.25,215.0827677858257,-96.8327677858257,96.8327677858257,29.46,295.42,4.0
46187,124.0,220.72996123541648,-96.72996123541648,96.72996123541648,32.89,310.28,4.0
28839,109.98,206.63244381204188,-96.65244381204188,96.65244381204188,17.76,255.48,5.0
9693,123.98,220.60608114904878,-96.62608114904877,96.62608114904877,28.35,304.66,2.0
35402,119.98,216.54922679106528,-96.56922679106528,96.56922679106528,18.68,277.32,2.0
39537,118.0,214.45600079754266,-96.45600079754266,96.45600079754266,30.32,296.64,4.0
316,119.8,216.22008444615187,-96.42008444615188,96.42008444615188,18.82,277.24,2.0
317,119.8,216.22008444615187,-96.42008444615188,96.42008444615188,18.82,277.24,2.0
23501,104.0,200.3642107234648,-96.3642107234648,96.3642107234648,28.24,264.48,8.0
19951,118.0,214.1749363428446,-96.1749363428446,96.1749363428446,15.33,266.66,2.0
8855,39.900000000000006,135.95175543298072,-96.05175543298071,96.05175543298071,26.28,198.54,1.0
42016,109.8,205.71365396732133,-95.91365396732134,95.91365396732134,28.26,276.12,6.0
28387,119.8,215.54051901708016,-95.74051901708016,95.74051901708016,13.44,266.48,1.0
35011,119.98,215.62316140649497,-95.64316140649497,95.64316140649497,30.36,300.68,3.0
40102,112.0,207.64053953341124,-95.64053953341124,95.64053953341124,18.68,261.36,4.0
32961,113.98,209.60613452590184,-95.62613452590183,95.62613452590183,31.68,291.32,5.0
32427,119.8,215.33479698700734,-95.53479698700734,95.53479698700734,30.34,300.28,3.0
39236,119.8,215.33479698700734,-95.53479698700734,95.53479698700734,30.34,300.28,3.0
30428,119.8,215.10032391580887,-95.30032391580887,95.30032391580887,31.26,302.12,3.0
49631,135.8,231.02732813094383,-95.22732813094382,95.22732813094382,26.34,310.28,3.0
40959,119.98,215.11343733867213,-95.13343733867212,95.13343733867212,32.36,304.68,3.0
16308,119.8,214.8199756785063,-95.0199756785063,95.0199756785063,32.36,304.32,3.0
15006,109.8,204.6891085909974,-94.8891085909974,94.8891085909974,32.28,284.16,6.0
47863,119.8,214.65523155793565,-94.85523155793565,94.85523155793565,24.96,289.52,2.0
47864,119.8,214.65523155793565,-94.85523155793565,94.85523155793565,24.96,289.52,2.0
45696,38.97,133.7782832306745,-94.8082832306745,94.8082832306745,26.46,196.29,1.0
35916,119.8,214.60079432934248,-94.80079432934248,94.80079432934248,33.22,306.04,3.0
17027,119.8,214.57021088527307,-94.77021088527307,94.77021088527307,33.34,306.28,3.0
17028,119.8,214.57021088527307,-94.77021088527307,94.77021088527307,33.34,306.28,3.0
23241,119.98,214.7329766907486,-94.75297669074858,94.75297669074858,17.76,275.48,1.0
12290,116.4,211.13220659336054,-94.73220659336053,94.73220659336053,25.08,282.96,3.0
12391,119.8,214.16589645282576,-94.36589645282577,94.36589645282577,26.88,293.36,2.0
35618,119.8,214.16589645282576,-94.36589645282577,94.36589645282577,26.88,293.36,2.0
12392,119.8,214.16589645282576,-94.36589645282577,94.36589645282577,26.88,293.36,2.0
35619,119.8,214.16589645282576,-94.36589645282577,94.36589645282577,26.88,293.36,2.0
16295,105.59,199.93562406901688,-94.34562406901688,94.34562406901688,24.0,259.18,6.0
16294,105.59,199.93562406901688,-94.34562406901688,94.34562406901688,24.0,259.18,6.0
6357,112.9,207.16416671696786,-94.26416671696785,94.26416671696785,18.26,262.32,3.0
6358,112.9,207.16416671696786,-94.26416671696785,94.26416671696785,18.26,262.32,3.0
20444,119.8,214.06048681745023,-94.26048681745023,94.26048681745023,35.34,310.28,3.0
16403,119.8,214.06048681745023,-94.26048681745023,94.26048681745023,35.34,310.28,3.0
37168,119.8,214.06048681745023,-94.26048681745023,94.26048681745023,35.34,310.28,3.0
13713,119.8,214.06048681745023,-94.26048681745023,94.26048681745023,35.34,310.28,3.0
34850,119.8,214.06048681745023,-94.26048681745023,94.26048681745023,35.34,310.28,3.0
47728,107.8,201.94324478654497,-94.14324478654497,94.14324478654497,30.26,276.12,6.0
43905,119.3,213.35072517458738,-94.05072517458738,94.05072517458738,26.88,292.36,2.0
14573,119.8,213.6204917002553,-93.82049170025529,93.82049170025529,29.02,297.64,2.0
35088,107.8,201.45247724664395,-93.65247724664395,93.65247724664395,0.0,215.6,2.0
12968,118.0,211.23637709184584,-93.23637709184584,93.23637709184584,26.86,289.72,2.0
12967,118.0,211.23637709184584,-93.23637709184584,93.23637709184584,26.86,289.72,2.0
16561,113.89,207.08755436157531,-93.19755436157531,93.19755436157531,32.94,293.66,4.0
32790,117.1,210.2227232113791,-93.12272321137911,93.12272321137911,25.08,284.36,2.0
48944,99.8,192.7537145549481,-92.95371455494809,92.95371455494809,39.18,282.96,7.0
16506,119.8,212.66221045274835,-92.86221045274836,92.86221045274836,32.78,305.16,2.0
43017,119.8,212.42264014087158,-92.62264014087158,92.62264014087158,33.72,307.04,2.0
9324,113.98,206.56491424394295,-92.58491424394295,92.58491424394295,27.52,283.0,3.0
25959,119.8,212.29867394572676,-92.49867394572676,92.49867394572676,26.16,291.92,1.0
21940,106.0,198.4055213659885,-92.4055213659885,92.4055213659885,24.58,261.16,5.0
35389,113.98,206.36612185749203,-92.38612185749203,92.38612185749203,28.3,284.56,3.0
7672,113.98,206.36612185749203,-92.38612185749203,92.38612185749203,28.3,284.56,3.0
2388,119.8,212.11517328131055,-92.31517328131055,92.31517328131055,26.88,293.36,1.0
10692,119.8,212.11517328131055,-92.31517328131055,92.31517328131055,26.88,293.36,1.0
47595,119.8,212.11517328131055,-92.31517328131055,92.31517328131055,26.88,293.36,1.0
27255,119.8,212.11517328131055,-92.31517328131055,92.31517328131055,26.88,293.36,1.0
1519,108.0,200.21859012632507,-92.21859012632507,92.21859012632507,30.26,276.52,5.0
36144,119.8,212.00976364593504,-92.20976364593504,92.20976364593504,35.34,310.28,2.0
19851,119.8,212.00976364593504,-92.20976364593504,92.20976364593504,35.34,310.28,2.0
24321,119.8,212.00976364593504,-92.20976364593504,92.20976364593504,35.34,310.28,2.0
8997,119.8,212.00976364593504,-92.20976364593504,92.20976364593504,35.34,310.28,2.0
25728,119.8,212.00976364593504,-92.20976364593504,92.20976364593504,35.34,310.28,2.0
4757,119.8,212.00976364593504,-92.20976364593504,92.20976364593504,35.34,310.28,2.0
38819,99.8,191.9162384132987,-92.11623841329869,92.11623841329869,34.52,268.64,8.0
3872,113.98,205.85639778966916,-91.87639778966916,91.87639778966916,30.3,288.56,3.0
7866,116.4,208.25063319129413,-91.85063319129412,91.85063319129412,28.34,289.48,2.0
7006,113.98,205.6439461000509,-91.6639461000509,91.6639461000509,39.18,306.32,4.0
49355,116.0,207.54915618078846,-91.54915618078846,91.54915618078846,36.58,305.16,3.0
39539,127.8,219.2719511509374,-91.47195115093741,91.47195115093741,30.4,310.28,1.0
11773,127.8,219.2719511509374,-91.47195115093741,91.47195115093741,30.4,310.28,1.0
20784,107.8,199.25651172830754,-91.45651172830755,91.45651172830755,39.18,301.0,3.0
35173,107.8,199.25651172830754,-91.45651172830755,91.45651172830755,39.18,301.0,3.0
13211,115.78,207.166827017916,-91.386827017916,91.386827017916,20.58,272.72,1.0
42023,97.78,188.98668294031347,-91.20668294031347,91.20668294031347,17.0,229.56,6.0
19151,119.8,210.85563901379032,-91.05563901379033,91.05563901379033,37.04,310.28,3.0
30737,119.98,211.01199099564172,-91.03199099564172,91.03199099564172,32.36,304.68,1.0
25050,134.0,225.01767531961346,-91.01767531961346,91.01767531961346,28.44,310.28,2.0
47194,134.0,225.01767531961346,-91.01767531961346,91.01767531961346,28.44,310.28,2.0
38984,119.8,210.78479346429287,-90.98479346429288,90.98479346429288,32.1,303.8,1.0
42237,120.0,210.92274753339007,-90.92274753339007,90.92274753339007,39.18,310.28,5.0
35447,119.8,210.7185293354759,-90.9185293354759,90.9185293354759,32.36,304.32,1.0
22924,113.78,204.4311576948201,-90.65115769482009,90.65115769482009,18.52,264.6,1.0
22925,113.78,204.4311576948201,-90.65115769482009,90.65115769482009,18.52,264.6,1.0
44869,113.98,204.40205177750673,-90.42205177750672,90.42205177750672,27.96,283.88,2.0
13331,103.84,194.059860872993,-90.219860872993,90.219860872993,35.86,279.4,6.0
5297,119.8,209.95904047441982,-90.15904047441983,90.15904047441983,35.34,310.28,1.0
38947,119.8,209.82292632108476,-90.02292632108477,90.02292632108477,36.5,310.28,2.0
36041,98.0,187.96563849780574,-89.96563849780574,89.96563849780574,30.46,256.92,7.0
36040,98.0,187.96563849780574,-89.96563849780574,89.96563849780574,30.46,256.92,7.0
43244,133.1,222.9062461783787,-89.8062461783787,89.8062461783787,29.56,310.28,2.0
43243,133.1,222.9062461783787,-89.8062461783787,89.8062461783787,29.56,310.28,2.0
47842,109.8,199.54109549006273,-89.74109549006273,89.74109549006273,28.34,276.28,3.0
17524,131.8,221.42108438397995,-89.62108438397993,89.62108438397993,29.26,310.28,1.0
49036,108.98,198.58141040394074,-89.60141040394073,89.60141040394073,26.86,271.68,3.0
29572,109.8,199.3881782697159,-89.5881782697159,89.5881782697159,28.94,277.48,3.0
1536,113.8,203.36276055945217,-89.56276055945217,89.56276055945217,22.84,273.28,1.0
10587,104.34,193.74181230179732,-89.40181230179732,89.40181230179732,32.26,273.2,5.0
10586,104.34,193.74181230179732,-89.40181230179732,89.40181230179732,32.26,273.2,5.0
31505,99.6,188.88536750480753,-89.28536750480754,89.28536750480754,29.04,257.28,6.0
49316,109.99,198.9470165568796,-88.9570165568796,88.9570165568796,23.84,267.66,2.0
45679,119.98,208.87202436187485,-88.89202436187485,88.89202436187485,39.18,310.28,4.0
24953,109.98,198.73028832599655,-88.75028832599655,88.75028832599655,16.58,253.12,1.0
35642,103.8,192.45364806704157,-88.65364806704157,88.65364806704157,33.86,275.32,5.0
14112,113.98,202.3513286059915,-88.37132860599151,88.37132860599151,27.96,283.88,1.0
826,107.8,196.1274931567624,-88.3274931567624,88.3274931567624,28.94,273.48,3.0
6216,107.8,195.57862358238103,-87.77862358238103,87.77862358238103,39.14,293.88,4.0
29947,113.0,200.75869014132252,-87.75869014132252,87.75869014132252,27.94,281.88,1.0
7808,96.0,183.73321281825417,-87.73321281825417,87.73321281825417,18.18,228.36,5.0
8972,100.8,188.49541544172718,-87.69541544172718,87.69541544172718,30.2,262.0,5.0
48268,98.0,185.6109132885404,-87.61091328854039,87.61091328854039,15.56,227.12,4.0
48989,98.0,185.6109132885404,-87.61091328854039,87.61091328854039,15.56,227.12,4.0
1834,107.36,194.91754248906807,-87.55754248906807,87.55754248906807,14.78,244.28,1.0
1833,107.36,194.91754248906807,-87.55754248906807,87.55754248906807,14.78,244.28,1.0
24706,104.6,192.11497819496608,-87.51497819496609,87.51497819496609,32.26,273.72,4.0
11362,112.9,200.27962696362468,-87.37962696362467,87.37962696362467,29.18,284.16,1.0
13121,113.98,201.2401301381377,-87.26013013813768,87.26013013813768,32.32,292.6,1.0
23842,119.8,206.7730447166638,-86.97304471666381,86.97304471666381,37.03,310.28,1.0
1071,125.8,212.69258713048268,-86.89258713048268,86.89258713048268,33.89,310.28,1.0
9533,105.9,192.73420234011928,-86.83420234011928,86.83420234011928,30.1,272.0,3.0
33517,107.38,194.0785211842205,-86.69852118422051,86.69852118422051,18.2,251.16,1.0
41868,128.0,214.57779172087086,-86.57779172087086,86.57779172087086,32.89,310.28,1.0
18330,109.8,196.34186074707878,-86.54186074707879,86.54186074707879,24.8,269.2,1.0
4695,110.0,196.46057480943412,-86.46057480943412,86.46057480943412,33.66,287.32,2.0
12476,99.98,186.33624637735412,-86.35624637735411,86.35624637735411,25.38,250.72,4.0
32299,100.2,186.52508037853013,-86.32508037853013,86.32508037853013,18.0,236.4,3.0
43020,130.0,215.69006242919988,-85.69006242919988,85.69006242919988,32.3,310.28,1.0
19678,104.0,189.57375217580744,-85.57375217580744,85.57375217580744,22.3,252.6,2.0
26318,98.9,184.46333712143817,-85.56333712143817,85.56333712143817,25.82,249.44,4.0
28326,106.0,191.519349193778,-85.519349193778,85.519349193778,27.46,266.92,2.0
308,108.99,194.49881610681422,-85.50881610681422,85.50881610681422,26.85,271.68,1.0
22542,99.8,185.26963655296487,-85.46963655296487,85.46963655296487,36.46,272.52,5.0
16158,99.9,185.32053151369155,-85.42053151369154,85.42053151369154,36.9,273.6,5.0
9333,91.98,177.36783364631208,-85.38783364631207,85.38783364631207,17.44,218.84,5.0
9334,91.98,177.36783364631208,-85.38783364631207,85.38783364631207,17.44,218.84,5.0
12019,104.22,189.59947447528015,-85.37947447528015,85.37947447528015,15.56,239.56,1.0
40582,109.8,194.9503140419224,-85.15031404192241,85.15031404192241,30.26,280.12,1.0
3393,99.98,185.1027141332228,-85.1227141332228,85.1227141332228,30.22,260.4,4.0
44380,121.0,206.01481304850063,-85.01481304850063,85.01481304850063,38.52,310.28,2.0
4614,29.700000000000003,114.70555533144432,-85.00555533144431,85.00555533144431,32.88,187.74,1.0
5247,109.0,193.87541582726132,-84.87541582726132,84.87541582726132,29.36,276.72,1.0
48205,93.8,178.61891940940404,-84.81891940940405,84.81891940940405,32.22,252.04,6.0
48206,93.8,178.61891940940404,-84.81891940940405,84.81891940940405,32.22,252.04,6.0
8545,95.8,180.57817573054194,-84.77817573054195,84.77817573054195,29.28,250.16,5.0
32935,109.1,193.8090742523887,-84.70907425238872,84.70907425238872,30.26,278.72,1.0
48650,107.8,192.466041930927,-84.666041930927,84.666041930927,35.26,286.12,2.0
45547,107.8,192.466041930927,-84.666041930927,84.666041930927,35.26,286.12,2.0
47826,99.8,184.44408354716813,-84.64408354716814,84.64408354716814,15.56,230.72,2.0
36704,35.97,120.31551891746156,-84.34551891746156,84.34551891746156,15.57,154.59,1.0
2039,95.4,179.69156563675273,-84.29156563675272,84.29156563675272,30.2,251.2,5.0
12830,83.9,168.1907024976349,-84.2907024976349,84.2907024976349,25.9,219.6,8.0
45429,98.0,182.21615099684016,-84.21615099684016,84.21615099684016,28.88,253.76,4.0
5986,107.8,191.7779144393661,-83.9779144393661,83.9779144393661,37.96,291.52,2.0
5985,107.8,191.7779144393661,-83.9779144393661,83.9779144393661,37.96,291.52,2.0
10601,104.8,188.6811154886723,-83.88111548867231,83.88111548867231,30.92,271.44,2.0
47868,108.0,191.84239125720447,-83.84239125720447,83.84239125720447,30.94,277.88,1.0
20847,101.5,185.246498572515,-83.74649857251501,83.74649857251501,15.24,233.48,1.0
11164,98.0,181.73537795421933,-83.73537795421933,83.73537795421933,22.72,241.44,3.0
33742,99.8,183.51638574373052,-83.71638574373053,83.71638574373053,19.2,238.0,2.0
32905,99.8,183.37692784247471,-83.57692784247472,83.57692784247472,35.84,271.28,4.0
25822,95.98,179.4717286071385,-83.49172860713848,83.49172860713848,18.68,229.32,3.0
12351,99.8,183.0516206405399,-83.25162064053991,83.25162064053991,29.07,257.74,3.0
2640,106.7,189.90134935752272,-83.20134935752272,83.20134935752272,30.24,273.88,1.0
31809,119.8,202.71985484732923,-82.91985484732923,82.91985484732923,39.18,310.28,1.0
42124,100.0,182.91822127339918,-82.91822127339918,82.91822127339918,14.78,229.56,1.0
3078,100.0,182.80353335813902,-82.80353335813902,82.80353335813902,15.23,230.46,1.0
42359,97.74,180.54017312825556,-82.80017312825557,82.80017312825557,17.7,230.88,2.0
4098,87.0,169.70656317462664,-82.70656317462664,82.70656317462664,23.69,221.38,6.0
10243,94.8,177.18000686019167,-82.38000686019167,82.38000686019167,28.17,245.94,4.0
47719,98.0,180.33363676770648,-82.33363676770648,82.33363676770648,28.22,252.44,3.0
47718,98.0,180.33363676770648,-82.33363676770648,82.33363676770648,28.22,252.44,3.0
45741,98.8,180.95416434460972,-82.15416434460973,82.15416434460973,14.81,227.22,1.0
2521,99.9,181.80200301092273,-81.90200301092273,81.90200301092273,18.52,236.84,1.0
2520,99.9,181.80200301092273,-81.90200301092273,81.90200301092273,18.52,236.84,1.0
35268,99.8,181.59472600803835,-81.79472600803835,81.79472600803835,26.74,253.08,2.0
32780,99.8,181.59472600803835,-81.79472600803835,81.79472600803835,26.74,253.08,2.0
32779,99.8,181.59472600803835,-81.79472600803835,81.79472600803835,26.74,253.08,2.0
3178,99.8,181.59472600803835,-81.79472600803835,81.79472600803835,26.74,253.08,2.0
18544,96.0,177.68808535795134,-81.68808535795134,81.68808535795134,17.76,227.52,2.0
22934,79.8,161.4400338872632,-81.64003388726321,81.64003388726321,26.16,211.92,8.0
11102,101.8,182.73332657998142,-80.93332657998143,80.93332657998143,27.02,257.64,1.0
19789,94.04,174.80171322568523,-80.76171322568523,80.76171322568523,32.64,253.36,4.0
19788,94.04,174.80171322568523,-80.76171322568523,80.76171322568523,32.64,253.36,4.0
29395,97.0,177.69077571920582,-80.69077571920582,80.69077571920582,16.1,226.2,1.0
29396,97.0,177.69077571920582,-80.69077571920582,80.69077571920582,16.1,226.2,1.0
22580,26.700000000000003,107.36901382729894,-80.66901382729894,80.66901382729894,32.88,178.74,1.0
44078,79.98,160.56113019143646,-80.58113019143646,80.58113019143646,30.76,221.48,8.0
38903,99.8,180.31878341961388,-80.51878341961388,80.51878341961388,23.7,247.0,1.0
47032,90.0,170.51744966521116,-80.51744966521116,80.51744966521116,15.56,211.12,3.0
49652,98.0,178.4868032233204,-80.48680322332041,80.48680322332041,27.42,250.84,2.0
41219,99.94,180.42633002011047,-80.48633002011047,80.48633002011047,32.22,264.32,2.0
17505,99.8,179.83964279586039,-80.03964279586039,80.03964279586039,25.58,250.76,1.0
49682,100.4,180.35909666870586,-79.95909666870585,79.95909666870585,27.38,255.56,1.0
40088,98.0,177.77828676904664,-79.77828676904664,79.77828676904664,30.2,256.4,2.0
6037,85.8,165.57617895759006,-79.77617895759006,79.77617895759006,32.22,236.04,6.0
27252,99.8,179.51341939245376,-79.71341939245376,79.71341939245376,26.86,253.32,1.0
29368,95.8,175.50498882091344,-79.70498882091344,79.70498882091344,17.0,225.6,1.0
27608,91.8,171.5032879089187,-79.70328790891871,79.70328790891871,15.16,213.92,2.0
39045,85.8,165.46913690334728,-79.66913690334728,79.66913690334728,32.64,236.88,6.0
22681,99.8,179.43859320114768,-79.63859320114769,79.63859320114769,35.2,270.0,2.0
32718,99.8,179.43859320114768,-79.63859320114769,79.63859320114769,35.2,270.0,2.0
32717,99.8,179.43859320114768,-79.63859320114769,79.63859320114769,35.2,270.0,2.0
43486,85.38,164.89143508386982,-79.51143508386983,79.51143508386983,32.22,235.2,6.0
1700,80.0,159.46214961199928,-79.46214961199928,79.46214961199928,35.2,230.4,8.0
22629,99.4,178.84089340715016,-79.44089340715016,79.44089340715016,26.94,252.68,1.0
6814,96.99,176.19117525627655,-79.20117525627656,79.20117525627656,21.92,237.82,1.0
12285,89.8,168.87446065598928,-79.07446065598928,79.07446065598928,36.82,253.24,5.0
1009,99.9,178.82521445483727,-78.92521445483726,78.92521445483726,30.2,260.2,1.0
37032,98.0,176.85058896560906,-78.85058896560906,78.85058896560906,33.84,263.68,2.0
45212,99.98,178.7772384356174,-78.79723843561739,78.79723843561739,30.9,261.76,1.0
19811,87.5,166.29703813208533,-78.79703813208533,78.79703813208533,32.22,239.44,5.0
13858,102.8,181.44804746851142,-78.64804746851142,78.64804746851142,38.46,282.52,1.0
37335,81.8,160.4438335352244,-78.6438335352244,78.6438335352244,39.18,245.84,6.0
16419,98.0,176.58899727215206,-78.58899727215206,78.58899727215206,26.82,249.64,1.0
379,98.0,176.4835876367766,-78.4835876367766,78.4835876367766,35.28,266.56,2.0
20116,98.7,177.09817921758545,-78.39817921758545,78.39817921758545,29.3,256.0,1.0
42583,95.8,174.1915331447978,-78.3915331447978,78.3915331447978,30.2,252.0,2.0
18080,99.8,177.92817754152466,-78.12817754152466,78.12817754152466,33.08,265.76,1.0
14543,100.0,178.12681503586433,-78.12681503586433,78.12681503586433,33.58,267.16,1.0
29623,69.8,147.79227071585285,-77.99227071585285,77.99227071585285,15.74,171.08,8.0
35171,90.0,167.90603001909085,-77.90603001909085,77.90603001909085,17.76,215.52,2.0
35172,90.0,167.90603001909085,-77.90603001909085,77.90603001909085,17.76,215.52,2.0
35572,95.8,173.67671183629673,-77.87671183629674,77.87671183629674,32.22,256.04,2.0
26013,100.0,177.7343275036407,-77.73432750364071,77.73432750364071,35.12,270.24,1.0
33605,27.0,104.60633829311334,-77.60633829311334,77.60633829311334,26.64,160.92000000000002,1.0
33604,27.0,104.60633829311334,-77.60633829311334,77.60633829311334,26.64,160.92000000000002,1.0
3500,99.8,177.38787002963247,-77.58787002963247,77.58787002963247,35.2,270.0,1.0
5628,99.8,177.38787002963247,-77.58787002963247,77.58787002963247,35.2,270.0,1.0
9259,94.8,172.26646683045558,-77.46646683045559,77.46646683045559,23.31,236.22,1.0
46810,92.0,169.43711812325753,-77.43711812325753,77.43711812325753,16.5,217.0,1.0
30751,99.98,177.22258002875768,-77.24258002875767,77.24258002875767,37.0,273.96,1.0
6680,98.0,175.21274228903036,-77.21274228903036,77.21274228903036,32.22,260.44,1.0
6679,98.0,175.21274228903036,-77.21274228903036,77.21274228903036,32.22,260.44,1.0
25812,99.8,176.95460457198303,-77.15460457198303,77.15460457198303,36.9,273.4,1.0
25813,99.8,176.95460457198303,-77.15460457198303,77.15460457198303,36.9,273.4,1.0
2307,87.98,165.1275593635089,-77.1475593635089,77.1475593635089,15.74,207.44,2.0
22929,91.98,169.08338510939956,-77.10338510939955,77.10338510939955,17.76,219.48,1.0
9754,90.98,168.01373902752798,-77.03373902752797,77.03373902752797,15.56,213.08,1.0
37848,79.8,156.76423176646034,-76.96423176646034,76.96423176646034,36.46,232.52,7.0
11844,93.8,170.6284784129615,-76.8284784129615,76.8284784129615,23.34,234.28,1.0
40684,89.8,166.46020097745253,-76.66020097745253,76.66020097745253,30.2,240.0,3.0
40683,89.8,166.46020097745253,-76.66020097745253,76.66020097745253,30.2,240.0,3.0
5814,89.98,166.58473747784123,-76.60473747784123,76.60473747784123,14.77,209.5,1.0
31730,95.3,171.78092553427388,-76.48092553427388,76.48092553427388,36.46,263.52,2.0
14625,98.0,174.4175727432267,-76.41757274322671,76.41757274322671,35.34,266.68,1.0
2094,98.2,174.45819577654126,-76.25819577654126,76.25819577654126,36.46,269.32,1.0
47134,83.8,159.8850262425933,-76.08502624259332,76.08502624259332,33.71,235.02,5.0
8269,79.98,155.9721811462397,-75.9921811462397,75.9921811462397,16.58,193.12,4.0
18146,90.89,166.70483732280897,-75.81483732280897,75.81483732280897,20.12,222.02,1.0
42041,79.8,155.59369881341132,-75.79369881341132,75.79369881341132,24.96,209.52,5.0
3305,92.4,168.13354714427578,-75.73354714427578,75.73354714427578,32.22,249.24,2.0
22072,85.9,161.569870322523,-75.669870322523,75.669870322523,24.44,220.68,3.0
29600,85.94,161.34454130612306,-75.40454130612306,75.40454130612306,25.58,223.04,3.0
19091,91.2,166.340247778207,-75.14024777820698,75.14024777820698,31.58,245.56,2.0
10580,87.8,162.9362917521747,-75.1362917521747,75.1362917521747,15.14,205.88,1.0
17339,95.8,170.59124880710115,-74.79124880710116,74.79124880710116,36.28,264.16,1.0
36833,91.8,166.56915893239344,-74.76915893239344,74.76915893239344,34.52,252.64,2.0
29172,79.98,154.55168341588129,-74.57168341588128,74.57168341588128,30.2,220.36,5.0
36117,89.98,164.36998640315093,-74.38998640315093,74.38998640315093,23.46,226.88,1.0
1566,83.0,157.35833063610886,-74.35833063610886,74.35833063610886,30.46,226.92,4.0
25090,67.98,142.3172048493767,-74.3372048493767,74.3372048493767,25.58,187.12,8.0
154,89.8,164.01535785484637,-74.21535785484637,74.21535785484637,23.7,227.0,1.0
47454,83.8,158.01362269628788,-74.21362269628789,74.21362269628789,24.96,217.52,3.0
21228,83.0,157.17156513395798,-74.17156513395798,74.17156513395798,15.1,196.2,2.0
47116,85.94,159.77295875836134,-73.83295875836134,73.83295875836134,23.7,219.28,2.0
32785,76.8,150.59562908973828,-73.79562908973828,73.79562908973828,25.38,204.36,5.0
23469,86.0,159.7621048386398,-73.7621048386398,73.7621048386398,16.08,204.16,1.0
17489,93.98,167.7106784458433,-73.73067844584331,73.73067844584331,35.94,259.84,1.0
17488,93.98,167.7106784458433,-73.73067844584331,73.73067844584331,35.94,259.84,1.0
14724,84.97999999999999,158.57646365184343,-73.59646365184344,73.59646365184344,30.3,230.56,3.0
36488,90.0,163.44431200677352,-73.44431200677352,73.44431200677352,27.22,234.44,1.0
36487,90.0,163.44431200677352,-73.44431200677352,73.44431200677352,27.22,234.44,1.0
14832,78.0,151.3236051540573,-73.3236051540573,73.3236051540573,30.2,216.4,5.0
20777,90.0,163.29649202710488,-73.29649202710488,73.29649202710488,27.8,235.6,1.0
19375,90.8,163.98399995022064,-73.18399995022064,73.18399995022064,30.22,242.04,1.0
45128,279.9,206.82130119035963,73.07869880964034,73.07869880964034,39.18,310.28,3.0
6734,76.8,149.87691815410804,-73.07691815410804,73.07691815410804,28.2,210.0,5.0
36444,69.8,142.62366866812903,-72.82366866812903,72.82366866812903,36.02,211.64,8.0
33312,90.0,162.68482314571744,-72.68482314571744,72.68482314571744,30.2,240.4,1.0
11461,90.0,162.67972590503922,-72.67972590503922,72.67972590503922,30.22,240.44,1.0
876,90.0,162.67972590503922,-72.67972590503922,72.67972590503922,30.22,240.44,1.0
11462,90.0,162.67972590503922,-72.67972590503922,72.67972590503922,30.22,240.44,1.0
32216,89.98,162.58595216577092,-72.60595216577092,72.60595216577092,30.46,240.88,1.0
29901,65.39,137.79897766876462,-72.40897766876462,72.40897766876462,26.74,184.26,8.0
29902,65.39,137.79897766876462,-72.40897766876462,72.40897766876462,26.74,184.26,8.0
21408,78.0,150.39264251288503,-72.39264251288503,72.39264251288503,17.76,191.52,3.0
17744,90.0,162.17000183721635,-72.17000183721635,72.17000183721635,32.22,244.44,1.0
18952,90.0,162.17000183721635,-72.17000183721635,72.17000183721635,32.22,244.44,1.0
15484,89.8,161.843933325921,-72.043933325921,72.043933325921,32.22,244.04,1.0
5610,87.0,158.97125807295802,-71.97125807295802,71.97125807295802,25.58,225.16,1.0
13080,75.8,147.73940015014753,-71.93940015014753,71.93940015014753,30.19,211.98,5.0
10922,79.8,151.69267727569914,-71.89267727569914,71.89267727569914,32.22,224.04,4.0
10923,79.8,151.69267727569914,-71.89267727569914,71.89267727569914,32.22,224.04,4.0
7490,84.0,155.7980005120908,-71.7980005120908,71.7980005120908,18.84,205.68,1.0
42367,78.0,149.78260605036493,-71.78260605036493,71.78260605036493,28.2,212.4,4.0
4467,84.97999999999999,156.58527494959964,-71.60527494959965,71.60527494959965,22.02,214.0,1.0
27015,75.8,147.3665853632413,-71.56658536324132,71.56658536324132,15.56,182.72,3.0
541,76.8,148.20175837391443,-71.40175837391443,71.40175837391443,18.68,190.96,3.0
37784,76.8,148.20175837391443,-71.40175837391443,71.40175837391443,18.68,190.96,3.0
23676,86.0,157.34091551648126,-71.34091551648126,71.34091551648126,25.58,223.16,1.0
277,78.98,150.250586728089,-71.27058672808899,71.27058672808899,16.54,191.04,2.0
24154,89.8,161.06915274283028,-71.26915274283029,71.26915274283029,35.26,250.12,1.0
3672,82.89,154.08843268502258,-71.19843268502258,71.19843268502258,34.54,234.86,3.0
3673,82.89,154.08843268502258,-71.19843268502258,71.19843268502258,34.54,234.86,3.0
36951,71.52,142.63823477948696,-71.11823477948697,71.11823477948697,14.78,172.6,4.0
20840,71.8,142.89593830884954,-71.09593830884954,71.09593830884954,15.56,174.72,4.0
32388,69.8,140.8908068216076,-71.09080682160761,71.09080682160761,18.68,176.96,5.0
21372,79.8,150.734008797914,-70.93400879791399,70.93400879791399,39.18,238.96,4.0
19085,79.8,150.66649948050787,-70.86649948050787,70.86649948050787,28.2,216.0,3.0
6964,61.6,132.25040480495076,-70.65040480495077,70.65040480495077,16.22,155.64,7.0
19403,79.8,150.36350914628784,-70.56350914628784,70.56350914628784,13.36,186.34,1.0
33641,76.8,147.21615852007272,-70.41615852007273,70.41615852007273,38.64,230.88,5.0
39797,279.9,209.52544341863054,70.37455658136943,70.37455658136943,35.57,310.28,1.0
3235,79.98,150.11218676922041,-70.13218676922041,70.13218676922041,23.48,206.92,2.0
2507,59.98,129.9762511922909,-69.99625119229091,69.99625119229091,14.78,149.52,7.0
39144,80.0,149.89502882711676,-69.89502882711676,69.89502882711676,24.46,208.92,2.0
6881,78.0,147.85931389580543,-69.85931389580543,69.85931389580543,27.7,211.4,3.0
32187,59.8,129.46014336115036,-69.66014336115036,69.66014336115036,23.7,167.0,8.0
32188,59.8,129.46014336115036,-69.66014336115036,69.66014336115036,23.7,167.0,8.0
42191,76.0,145.4973755610875,-69.4973755610875,69.4973755610875,32.22,216.44,4.0
15997,79.8,149.22581277151278,-69.42581277151278,69.42581277151278,17.76,195.12,1.0
40837,71.8,141.21038406322322,-69.41038406322322,69.41038406322322,30.22,204.04,5.0
44293,70.0,139.40062523258626,-69.40062523258626,69.40062523258626,17.76,175.52,4.0
7666,75.0,144.33251432519685,-69.33251432519685,69.33251432519685,38.44,226.88,5.0
22670,84.0,153.27649879523494,-69.27649879523494,69.27649879523494,36.78,241.56,2.0
35116,59.8,128.94022481197106,-69.14022481197107,69.14022481197107,25.74,171.08,8.0
10475,59.78,128.9076179608415,-69.12761796084149,69.12761796084149,25.74,171.04,8.0
44072,78.0,146.8704492042291,-68.87044920422909,68.87044920422909,31.58,219.16,3.0
26955,82.0,150.81954529057424,-68.81954529057424,68.81954529057424,25.58,215.16,1.0
25543,84.89,153.6656451905604,-68.77564519056041,68.77564519056041,32.9,235.58,1.0
30771,65.98,134.66289825586642,-68.68289825586642,68.68289825586642,18.68,169.32,5.0
20227,86.0,154.5680165875249,-68.56801658752491,68.56801658752491,36.46,244.92,1.0
2543,86.0,154.48136349599503,-68.48136349599503,68.48136349599503,36.8,245.6,1.0
15661,62.79,131.14582734338833,-68.35582734338834,68.35582734338834,20.12,165.82,6.0
24021,78.0,146.34889823618246,-68.34889823618246,68.34889823618246,25.58,207.16,2.0
7158,79.8,148.1060522411698,-68.30605224116981,68.30605224116981,30.2,220.0,2.0
22642,78.0,146.29119616985463,-68.29119616985463,68.29119616985463,17.76,191.52,1.0
47079,79.8,148.06873913755487,-68.26873913755487,68.26873913755487,22.3,204.2,1.0
22484,82.8,150.94380811874572,-68.14380811874572,68.14380811874572,30.21,226.02,1.0
39740,278.0,209.89003484068445,68.10996515931555,68.10996515931555,38.64,310.28,4.0
3570,72.0,140.1041279439363,-68.1041279439363,68.1041279439363,35.84,215.68,5.0
39752,77.98,145.94765763735313,-67.96765763735313,67.96765763735313,18.98,193.92,1.0
5872,80.0,147.94523876563602,-67.94523876563602,67.94523876563602,24.0,207.98,1.0
43355,77.8,145.7306545873608,-67.93065458736079,67.93065458736079,18.68,192.96,1.0
13589,80.0,147.91729944396405,-67.91729944396405,67.91729944396405,32.22,224.44,2.0
37683,79.8,147.7119322900789,-67.9119322900789,67.9119322900789,23.7,207.0,1.0
38720,84.9,152.76699391438314,-67.86699391438313,67.86699391438313,36.49,242.78,1.0
38681,59.8,127.46895465890657,-67.66895465890657,67.66895465890657,15.42,150.44,6.0
28771,61.5,129.14534647649344,-67.64534647649344,67.64534647649344,35.81,194.62,8.0
14501,76.8,144.44345957519263,-67.64345957519264,67.64345957519264,25.38,204.36,2.0
33881,76.8,144.2446671887417,-67.44466718874169,67.44466718874169,26.16,205.92,2.0
29222,79.8,147.24461856654915,-67.44461856654915,67.44461856654915,33.58,226.76,2.0
29221,79.8,147.24461856654915,-67.44461856654915,67.44461856654915,33.58,226.76,2.0
47591,79.8,147.23279166632537,-67.43279166632537,67.43279166632537,25.58,210.76,1.0
15186,83.8,151.21063879379633,-67.41063879379634,67.41063879379634,35.56,238.72,1.0
22676,68.8,136.17754985627434,-67.37754985627434,67.37754985627434,22.73,183.06,4.0
16497,74.0,141.3430409105767,-67.34304091057669,67.34304091057669,27.68,203.36,3.0
12682,81.0,148.30738009676398,-67.30738009676398,67.30738009676398,29.04,220.08,1.0
34695,76.8,144.10031203088403,-67.30031203088403,67.30031203088403,18.68,190.96,1.0
34696,76.8,144.10031203088403,-67.30031203088403,67.30031203088403,18.68,190.96,1.0
4634,76.8,144.10031203088403,-67.30031203088403,67.30031203088403,18.68,190.96,1.0
34856,61.9,129.176536337812,-67.27653633781199,67.27653633781199,30.200000000000003,184.2,7.0
13680,71.8,138.99328435227002,-67.19328435227003,67.19328435227003,14.78,173.16,2.0
22488,73.9,141.04747839729504,-67.14747839729503,67.14747839729503,28.2,204.2,3.0
38642,79.98,146.8585147976433,-66.87851479764329,66.87851479764329,28.2,216.36,1.0
42292,65.8,132.63474234623556,-66.83474234623556,66.83474234623556,17.44,166.48,4.0
48287,80.66,147.4574236682246,-66.79742366822461,66.79742366822461,30.2,221.72,1.0
11415,69.35,136.05570632816264,-66.70570632816265,66.70570632816265,18.68,176.06,3.0
7887,74.0,140.56826032748592,-66.56826032748592,66.56826032748592,30.72,209.44,3.0
6229,76.8,143.20992733106132,-66.40992733106133,66.40992733106133,30.22,214.04,2.0
6230,76.8,143.20992733106132,-66.40992733106133,66.40992733106133,30.22,214.04,2.0
34469,70.78,137.13154255821283,-66.35154255821283,66.35154255821283,15.56,172.68,2.0
30351,79.9,146.21836332530225,-66.31836332530224,66.31836332530224,30.2,220.2,1.0
28415,78.0,144.29817506466725,-66.29817506466725,66.29817506466725,25.58,207.16,1.0
5029,70.0,136.2301415307281,-66.2301415307281,66.2301415307281,30.2,200.4,4.0
45287,79.8,145.98906494083764,-66.18906494083764,66.18906494083764,30.46,220.52,1.0
29801,79.8,145.98906494083764,-66.18906494083764,66.18906494083764,30.46,220.52,1.0
45286,79.8,145.98906494083764,-66.18906494083764,66.18906494083764,30.46,220.52,1.0
6503,69.8,135.96360748870413,-66.16360748870413,66.16360748870413,21.92,183.44,3.0
3478,73.6,139.67838539596207,-66.07838539596207,66.07838539596207,15.56,178.32,1.0
23973,71.8,137.56932180010068,-65.76932180010068,65.76932180010068,36.46,216.52,4.0
23972,71.8,137.56932180010068,-65.76932180010068,65.76932180010068,36.46,216.52,4.0
48568,59.8,125.38255080264375,-65.58255080264375,65.58255080264375,15.56,150.72,5.0
48567,59.8,125.38255080264375,-65.58255080264375,65.58255080264375,15.56,150.72,5.0
31967,79.98,145.4873570551998,-65.50735705519979,65.50735705519979,33.58,227.12,1.0
16448,66.8,132.20233484689706,-65.40233484689706,65.40233484689706,33.58,200.76,5.0
31049,60.0,125.2294786901856,-65.2294786901856,65.2294786901856,17.44,154.88,5.0
34797,78.0,143.12071246799644,-65.12071246799644,65.12071246799644,30.2,216.4,1.0
14984,78.0,143.12071246799644,-65.12071246799644,65.12071246799644,30.2,216.4,1.0
21870,77.8,142.7946439567011,-64.9946439567011,64.9946439567011,30.2,216.0,1.0
21871,77.8,142.7946439567011,-64.9946439567011,64.9946439567011,30.2,216.0,1.0
22908,62.99,127.97518874941889,-64.98518874941888,64.98518874941888,33.84,193.66,6.0
22909,62.99,127.97518874941889,-64.98518874941888,64.98518874941888,33.84,193.66,6.0
2446,76.0,140.96612858221857,-64.96612858221857,64.96612858221857,25.86,203.72,1.0
43622,64.0,128.95409620261245,-64.95409620261245,64.95409620261245,36.46,200.92,6.0
36075,79.0,143.88962134985258,-64.88962134985258,64.88962134985258,33.58,225.16,1.0
41285,75.98,140.8570631209156,-64.8770631209156,64.8770631209156,26.16,204.28,1.0
15281,71.99,136.81396356815776,-64.82396356815777,64.82396356815777,16.5,176.98,1.0
15243,68.0,132.74191299019787,-64.74191299019787,64.74191299019787,15.0,166.0,2.0
23406,74.0,138.65006541360466,-64.65006541360466,64.65006541360466,30.2,208.4,2.0
48707,55.8,120.42073624019844,-64.62073624019844,64.62073624019844,33.58,178.76,8.0
9374,68.0,132.59919025120746,-64.59919025120746,64.59919025120746,15.56,167.12,2.0
40078,79.4,143.80775571477835,-64.40775571477835,64.40775571477835,36.46,231.72,1.0
2432,69.98,134.01938049112763,-64.03938049112763,64.03938049112763,30.7,201.36,3.0
2433,69.98,134.01938049112763,-64.03938049112763,64.03938049112763,30.7,201.36,3.0
32269,279.0,215.12450105208342,63.87549894791658,63.87549894791658,32.6,310.28,1.0
45158,76.8,140.64948009172326,-63.849480091723265,63.849480091723265,32.22,218.04,1.0
40814,70.98,134.64739903693692,-63.667399036936914,63.667399036936914,18.54,179.04,1.0
23284,59.98,123.48073414936039,-63.50073414936039,63.50073414936039,32.22,184.4,6.0
45652,70.0,133.45561018290442,-63.45561018290442,63.45561018290442,33.04,206.08,3.0
19134,74.9,138.32151257682995,-63.42151257682994,63.42151257682994,29.2,208.2,1.0
42880,70.0,133.1872888299019,-63.18728882990189,63.18728882990189,18.0,176.0,1.0
7456,52.0,115.14640266947885,-63.146402669478846,63.146402669478846,21.92,147.84,7.0
21633,74.0,137.10906630991232,-63.10906630991232,63.10906630991232,28.2,204.4,1.0
17298,74.0,137.10906630991232,-63.10906630991232,63.10906630991232,28.2,204.4,1.0
1520,69.56,132.6126608440425,-63.05266084404249,63.05266084404249,17.44,174.0,1.0
30878,71.98,135.02382038656944,-63.043820386569436,63.043820386569436,23.46,190.88,1.0
4218,250.0,187.02848784663072,62.971512153369275,62.971512153369275,37.77,287.77,1.0
8372,78.0,140.8983155322888,-62.89831553228879,62.89831553228879,38.92,233.84,1.0
8371,78.0,140.8983155322888,-62.89831553228879,62.89831553228879,38.92,233.84,1.0
398,76.8,139.6908116139381,-62.89081161393811,62.89081161393811,39.18,232.96,1.0
1894,279.9,217.07491704793568,62.82508295206429,62.82508295206429,39.18,310.28,8.0
29970,68.8,131.61480323186424,-62.814803231864246,62.814803231864246,24.54,186.68,2.0
39906,67.98,130.79274364405438,-62.81274364405438,62.81274364405438,22.52,181.0,2.0
5062,52.0,114.75391513725523,-62.753915137255234,62.753915137255234,23.46,150.92,7.0
26066,65.8,128.48232359642284,-62.68232359642285,62.68232359642285,17.64,166.88,2.0
41293,64.89,127.52882490056479,-62.638824900564785,62.638824900564785,15.56,160.9,2.0
5516,71.98,134.59218734778733,-62.61218734778733,62.61218734778733,33.2,210.36,2.0
37916,69.98,132.55137517579777,-62.57137517579777,62.57137517579777,36.46,212.88,3.0
37915,69.98,132.55137517579777,-62.57137517579777,62.57137517579777,36.46,212.88,3.0
6514,71.8,134.20187811473514,-62.40187811473514,62.40187811473514,33.58,210.76,2.0
24518,67.98,130.25590095397308,-62.27590095397308,62.27590095397308,16.58,169.12,1.0
31978,70.0,132.18822965696907,-62.18822965696907,62.18822965696907,21.92,183.84,1.0
31977,70.0,132.18822965696907,-62.18822965696907,62.18822965696907,21.92,183.84,1.0
485,260.0,197.9264454534271,62.07355454657289,62.07355454657289,37.12,297.12,2.0
11827,68.0,130.06932645593878,-62.06932645593878,62.06932645593878,17.44,170.88,1.0
8038,68.7,130.71776631855167,-62.017766318551665,62.017766318551665,27.42,192.24,2.0
9176,71.98,133.91935157826114,-61.93935157826114,61.93935157826114,35.84,215.64,2.0
8178,49.98,111.79357623612441,-61.81357623612441,61.81357623612441,30.2,160.36,8.0
39008,69.98,131.76313527361594,-61.78313527361594,61.78313527361594,23.46,186.88,1.0
48409,67.14,128.83034355907208,-61.690343559072076,61.690343559072076,16.8,167.88,1.0
19888,49.98,111.6246510763473,-61.64465107634731,61.64465107634731,14.77,129.5,6.0
2674,49.98,111.59661625261705,-61.61661625261706,61.61661625261706,14.88,129.72,6.0
30295,249.9,188.33208178642192,61.56791821357808,61.56791821357808,39.18,292.63,1.0
42934,69.4,130.7563697027207,-61.356369702720684,61.356369702720684,23.7,186.2,1.0
28835,59.98,121.3146068451895,-61.334606845189505,61.334606845189505,16.58,153.12,3.0
15882,59.8,120.82908245811834,-61.02908245811834,61.02908245811834,25.38,170.36,4.0
7249,69.8,130.62098304052506,-60.820983040525064,60.820983040525064,26.79,193.18,1.0
7248,69.8,130.62098304052506,-60.820983040525064,60.820983040525064,26.79,193.18,1.0
33208,68.44,129.191240848503,-60.751240848503016,60.751240848503016,23.7,184.28,1.0
11157,70.0,130.72532158231746,-60.72532158231746,60.72532158231746,27.66,195.32,1.0
41670,70.0,130.72532158231746,-60.72532158231746,60.72532158231746,27.66,195.32,1.0
40327,69.98,130.50065200428256,-60.52065200428255,60.52065200428255,36.46,212.88,2.0
17331,73.3,133.7964019914532,-60.4964019914532,60.4964019914532,36.72,220.04,1.0
1874,259.9,199.44997829382794,60.45002170617204,60.45002170617204,35.62,295.52,2.0
32487,72.8,133.20550930305689,-60.40550930305689,60.40550930305689,35.84,217.28,1.0
19909,229.04,168.6456954169652,60.394304583034796,60.394304583034796,39.18,268.48,1.0
34167,49.0,109.33440685615653,-60.334406856156534,60.334406856156534,33.58,165.16,8.0
9511,69.8,130.04754346422436,-60.247543464224364,60.247543464224364,29.04,197.68,1.0
17665,259.9,199.7281869549869,60.17181304501307,60.17181304501307,35.36,295.26,2.0
4269,70.0,130.03719409075663,-60.03719409075663,60.03719409075663,30.36,200.72,1.0
7796,69.0,128.95735352752857,-59.95735352752857,59.95735352752857,28.2,194.4,1.0
31705,254.9,195.0921724536647,59.80782754633532,59.80782754633532,37.8,292.7,3.0
23392,70.24,129.9544329212358,-59.7144329212358,59.7144329212358,32.22,204.92,1.0
9848,249.99,190.29777938046777,59.692220619532236,59.692220619532236,39.18,290.01,3.0
43038,279.9,220.22320871388393,59.67679128611604,59.67679128611604,37.51,310.28,8.0
9531,65.15,124.6768206280151,-59.52682062801509,59.52682062801509,36.46,203.22,3.0
36790,50.0,109.32363789831993,-59.32363789831993,59.32363789831993,15.88,131.76,5.0
28745,48.8,108.11468880730388,-59.31468880730388,59.31468880730388,29.04,155.68,7.0
46145,59.8,119.06217234571656,-59.262172345716564,59.262172345716564,16.22,152.04,2.0
33,249.9,190.73488864381721,59.16511135618279,59.16511135618279,34.23,284.13,1.0
28406,49.0,108.14511735926197,-59.145117359261974,59.145117359261974,30.2,158.4,7.0
41888,56.9,115.94307458331068,-59.04307458331068,59.04307458331068,26.0,165.8,4.0
41889,56.9,115.94307458331068,-59.04307458331068,59.04307458331068,26.0,165.8,4.0
28292,59.8,118.79201858977046,-58.99201858977047,58.99201858977047,17.28,154.16,2.0
5328,64.8,123.38167633954424,-58.581676339544245,58.581676339544245,23.21,176.02,1.0
40386,59.98,118.42283896176656,-58.44283896176656,58.44283896176656,19.88,159.72,2.0
29477,59.8,118.16322558340477,-58.36322558340477,58.36322558340477,35.84,191.28,4.0
1871,59.8,118.12937730160075,-58.32937730160076,58.32937730160076,19.88,159.36,2.0
24387,59.98,118.25789485711968,-58.27789485711968,58.27789485711968,36.62,193.2,4.0
24386,59.98,118.25789485711968,-58.27789485711968,58.27789485711968,36.62,193.2,4.0
38906,278.25,219.97628526049354,58.27371473950646,58.27371473950646,28.5,306.75,1.0
1811,58.0,116.2498895203359,-58.2498895203359,58.2498895203359,15.74,147.48,2.0
34088,69.38,127.62973775990639,-58.249737759906395,58.249737759906395,35.84,210.44,1.0
43053,61.8,119.93734882125912,-58.137348821259124,58.137348821259124,25.58,174.76,2.0
6540,57.1,115.19872255217803,-58.098722552178025,58.098722552178025,30.2,174.6,4.0
4196,64.0,121.95251989774624,-57.95251989774624,57.95251989774624,23.7,175.4,1.0
4195,64.0,121.95251989774624,-57.95251989774624,57.95251989774624,23.7,175.4,1.0
35836,70.0,127.92693644997001,-57.926936449970015,57.926936449970015,38.64,217.28,1.0
36854,68.39999999999999,126.27666960711417,-57.87666960711418,57.87666960711418,34.88,206.56,1.0
41076,59.98,117.67191216319966,-57.69191216319967,57.69191216319967,14.78,149.52,1.0
47955,44.8,102.47514121873041,-57.67514121873042,57.67514121873042,25.58,140.76,7.0
26467,45.8,103.36801629573131,-57.56801629573131,57.56801629573131,36.52,164.64,8.0
26468,45.8,103.36801629573131,-57.56801629573131,57.56801629573131,36.52,164.64,8.0
47412,59.8,117.337672577608,-57.53767257760801,57.53767257760801,14.94,149.48,1.0
47413,59.8,117.337672577608,-57.53767257760801,57.53767257760801,14.94,149.48,1.0
35473,65.8,123.23053327898009,-57.43053327898009,57.43053327898009,30.2,192.0,1.0
47062,59.98,117.21316050215907,-57.23316050215907,57.23316050215907,16.58,153.12,1.0
47063,59.98,117.21316050215907,-57.23316050215907,57.23316050215907,16.58,153.12,1.0
30663,52.0,109.23033864499908,-57.23033864499908,57.23033864499908,29.04,162.08,5.0
2349,59.8,117.01144917420137,-57.21144917420138,57.21144917420138,16.22,152.04,1.0
45844,59.8,116.9783171097929,-57.1783171097929,57.1783171097929,16.35,152.3,1.0
14922,45.0,102.13347120117783,-57.13347120117783,57.13347120117783,28.2,146.4,7.0
500,59.8,116.92989332334972,-57.12989332334972,57.12989332334972,16.54,152.68,1.0
3831,274.95,217.82123669838177,57.12876330161822,57.12876330161822,28.0,302.95,1.0
46834,60.6,117.68876261596068,-57.08876261596068,57.08876261596068,18.68,158.56,1.0
46306,238.0,180.95196652530524,57.04803347469476,57.04803347469476,38.14,276.14,3.0
22189,65.98,123.00917363064485,-57.02917363064485,57.02917363064485,32.22,196.4,1.0
27750,47.98,104.94116884796335,-56.96116884796336,56.96116884796336,28.2,152.36,6.0
20018,59.8,116.68849060852938,-56.88849060852938,56.88849060852938,33.58,186.76,3.0
23222,269.0,212.11815970064026,56.88184029935974,56.88184029935974,32.63,301.63,3.0
49321,250.0,193.18065736117634,56.819342638823656,56.819342638823656,37.77,287.77,4.0
3030,59.98,116.69487437184705,-56.71487437184705,56.71487437184705,26.66,173.28,2.0
36698,61.8,118.3657662734974,-56.5657662734974,56.5657662734974,23.7,171.0,1.0
6714,279.9,223.33984323416797,56.560156765832005,56.560156765832005,29.33,310.28,2.0
36501,62.5,119.02786543927763,-56.52786543927763,56.52786543927763,25.58,176.16,1.0
25378,58.0,114.44383390137568,-56.44383390137568,56.44383390137568,14.78,145.56,1.0
47444,65.28,121.61816904787793,-56.338169047877926,56.338169047877926,33.2,196.96,1.0
9811,59.36,115.66713784592952,-56.30713784592952,56.30713784592952,18.68,156.08,1.0
47551,64.0,120.29591667732194,-56.29591667732194,56.29591667732194,30.2,188.4,1.0
21513,61.98,118.18008730990971,-56.20008730990971,56.20008730990971,25.58,175.12,1.0
14908,58.0,114.19916634882071,-56.19916634882071,56.19916634882071,15.74,147.48,1.0
39359,59.8,115.91371002543866,-56.113710025438664,56.113710025438664,36.62,192.84,3.0
12503,59.8,115.79484107097207,-55.99484107097207,55.99484107097207,29.04,177.68,2.0
5894,59.98,115.79266277180065,-55.81266277180065,55.81266277180065,30.2,180.36,2.0
40130,58.0,113.76590089117127,-55.76590089117127,55.76590089117127,17.44,150.88,1.0
4371,58.0,113.75387400687123,-55.75387400687123,55.75387400687123,33.58,183.16,3.0
45178,60.0,115.7471785938894,-55.7471785938894,55.7471785938894,22.46,164.92,1.0
26516,61.8,117.54001328362435,-55.74001328362435,55.74001328362435,26.94,177.48,1.0
31403,58.0,113.70636642189987,-55.70636642189987,55.70636642189987,25.72,167.44,2.0
5233,50.0,105.6740135727083,-55.674013572708304,55.674013572708304,30.2,160.4,5.0
1778,219.0,163.32738640228894,55.67261359771106,55.67261359771106,38.22,257.22,2.0
31856,225.0,169.3563901704104,55.64360982958959,55.64360982958959,35.24,260.24,1.0
10872,59.8,115.39888871693756,-55.598888716937566,55.598888716937566,38.64,196.88,3.0
19614,49.8,105.26129196988308,-55.46129196988308,55.46129196988308,30.54,160.68,5.0
29285,215.0,159.7066307510169,55.29336924898311,55.29336924898311,36.64,251.64,1.0
18865,49.98,105.27114055501167,-55.29114055501167,55.29114055501167,15.56,131.08,3.0
30458,257.3,202.04242033167975,55.25757966832026,55.25757966832026,29.3,286.6,1.0
8987,271.99,216.75657168810497,55.23342831189504,55.23342831189504,26.74,298.73,1.0
30432,234.68,179.47291743302947,55.20708256697054,55.20708256697054,33.16,267.84000000000003,1.0
49954,279.9,224.7502444376317,55.149755562368284,55.149755562368284,28.05,309.05,2.0
329,274.95,219.9185019901954,55.03149800980458,55.03149800980458,26.04,300.99,1.0
46507,55.78,110.78879274124972,-55.00879274124972,55.00879274124972,14.92,141.4,1.0
19446,229.04,174.12632810526011,54.91367189473988,54.91367189473988,33.86,262.9,1.0
11821,55.8,110.57673203982426,-54.77673203982427,54.77673203982427,15.88,143.36,1.0
41790,249.99,195.2232288199092,54.766771180090814,54.766771180090814,37.77,287.76,5.0
19814,209.0,154.27422578162262,54.72577421837738,54.72577421837738,39.18,250.85,1.0
15111,44.0,98.70380268528638,-54.70380268528638,54.70380268528638,35.26,158.52,7.0
40002,41.8,96.40665095262938,-54.60665095262938,54.60665095262938,30.2,144.0,7.0
3280,55.98,110.47770616776648,-54.49770616776649,54.49770616776649,17.42,146.8,1.0
26337,57.05,111.52130210994017,-54.47130210994017,54.47130210994017,20.17,154.44,1.0
6712,41.98,96.42322919730353,-54.44322919730353,54.44322919730353,23.24,130.44,6.0
7276,58.8,113.23170347037947,-54.431703470379475,54.431703470379475,32.7,183.0,2.0
10158,279.9,225.47012442130662,54.429875578693355,54.429875578693355,28.2,310.28,2.0
38862,60.89,115.22809994701836,-54.338099947018364,54.338099947018364,30.19,182.16,1.0
9104,58.9,113.12040293087463,-54.220402930874634,54.220402930874634,25.73,169.26,1.0
49370,58.0,112.17046455888575,-54.170464558885755,54.170464558885755,23.7,163.4,1.0
20272,219.9,165.73202550400867,54.16797449599133,54.16797449599133,39.18,262.39,2.0
5904,58.5,112.6645096743957,-54.1645096743957,54.1645096743957,24.96,166.92,1.0
17565,47.6,101.76119143716409,-54.161191437164085,54.161191437164085,30.2,155.6,5.0
13859,59.8,113.95820200794248,-54.15820200794248,54.15820200794248,28.2,176.0,1.0
18285,59.8,113.86298685392345,-54.06298685392345,54.06298685392345,36.62,192.84,2.0
46486,54.0,107.89913176264147,-53.899131762641474,53.899131762641474,39.18,193.96,1.0
4961,259.99,206.15006866857337,53.83993133142664,53.83993133142664,33.26,293.25,4.0
7262,54.8,108.61252021892355,-53.81252021892355,53.81252021892355,17.19,143.98,1.0
12506,59.98,113.74193960028543,-53.76193960028544,53.76193960028544,30.2,180.36,1.0
40011,269.9,216.157694755282,53.74230524471798,53.74230524471798,35.29,305.19,6.0
45565,58.0,111.74229634191454,-53.74229634191454,53.74229634191454,25.38,166.76,1.0
17048,59.98,113.67567547146842,-53.69567547146843,53.69567547146843,30.46,180.88,1.0
37213,59.8,113.4484779401196,-53.648477940119605,53.648477940119605,30.2,180.0,1.0
50082,259.9,206.2912319462776,53.60876805372237,53.60876805372237,27.31,287.21,1.0
17502,59.98,113.48452894603489,-53.50452894603489,53.50452894603489,31.21,182.38,1.0
7853,54.0,107.47390649578458,-53.473906495784576,53.473906495784576,16.54,141.08,1.0
22169,63.0,116.46866338852868,-53.46866338852868,53.46866338852868,38.82,203.64,1.0
26518,259.0,205.55757779586307,53.44242220413693,53.44242220413693,27.31,286.31,1.0
30336,59.8,113.21400486892111,-53.41400486892111,53.41400486892111,31.12,181.84,1.0
1604,279.9,226.5488408698358,53.35115913016418,53.35115913016418,26.54,310.28,1.0
23892,53.8,107.13764350313275,-53.33764350313275,53.33764350313275,16.58,140.76,1.0
23893,53.8,107.13764350313275,-53.33764350313275,53.33764350313275,16.58,140.76,1.0
20241,58.0,111.27498261838483,-53.274982618384826,53.274982618384826,35.26,186.52,2.0
29181,55.8,109.03736535499922,-53.23736535499923,53.23736535499923,21.92,155.44,1.0
46169,49.98,103.19656359897263,-53.216563598972634,53.216563598972634,23.7,147.36,3.0
36088,55.8,108.97273364504957,-53.172733645049576,53.172733645049576,30.22,172.04,2.0
29776,59.8,112.93365663161853,-53.133656631618535,53.133656631618535,32.22,184.04,1.0
45946,47.8,100.9218242360887,-53.1218242360887,53.1218242360887,18.68,132.96,3.0
41354,53.8,106.83690630311727,-53.03690630311728,53.03690630311728,17.76,143.12,1.0
19776,59.8,112.82661457737572,-53.026614577375724,53.026614577375724,32.64,184.88,1.0
33446,51.8,104.80282379067327,-53.002823790673276,53.002823790673276,29.04,161.68,3.0
24323,49.8,102.78240058139664,-52.98240058139665,52.98240058139665,32.22,164.04,4.0
13834,39.8,92.75184588858494,-52.95184588858494,52.95184588858494,23.7,127.0,6.0
11080,279.0,226.08619498999116,52.91380501000884,52.91380501000884,34.4,310.28,8.0
42329,59.98,112.8805059256648,-52.90050592566481,52.90050592566481,33.58,187.12,1.0
42330,59.98,112.8805059256648,-52.90050592566481,52.90050592566481,33.58,187.12,1.0
8908,59.98,112.8805059256648,-52.90050592566481,52.90050592566481,33.58,187.12,1.0
12770,58.0,110.80950129779873,-52.80950129779873,52.80950129779873,29.04,174.08,1.0
34329,57.98,110.78199168734741,-52.80199168734742,52.80199168734742,29.02,174.0,1.0
12281,189.7,136.90292584236283,52.797074157637155,52.797074157637155,39.18,229.54,1.0
30511,199.0,146.25353685277358,52.74646314722642,52.74646314722642,38.94,237.94,2.0
16292,192.0,139.3312407170666,52.668759282933394,52.668759282933394,38.16,230.16,1.0
36196,209.0,156.3350503848394,52.664949615160594,52.664949615160594,35.22,244.22,1.0
45096,274.9,222.2917558936139,52.60824410638608,52.60824410638608,31.45,306.35,5.0
45797,38.9,91.44418446764828,-52.544184467648286,52.544184467648286,31.12,140.04,7.0
15864,58.0,110.51386133846145,-52.51386133846145,52.51386133846145,30.2,176.4,1.0
27360,58.0,110.44759720964447,-52.44759720964447,52.44759720964447,30.46,176.92,1.0
47999,254.9,202.48288388312318,52.41711611687683,52.41711611687683,27.06,281.96,1.0
30405,39.94,92.33620910216757,-52.396209102167575,52.396209102167575,18.18,116.24,5.0
37594,51.8,104.13691766476893,-52.33691766476893,52.33691766476893,15.56,134.72,1.0
32014,51.8,104.11306388024511,-52.31306388024511,52.31306388024511,23.7,151.0,2.0
22724,241.1,188.80364230513746,52.296357694862536,52.296357694862536,39.18,280.63,6.0
43413,279.9,227.71766771587644,52.18233228412353,52.18233228412353,25.92,310.28,1.0
5418,59.98,112.14650326799989,-52.16650326799989,52.16650326799989,36.46,192.88,1.0
23415,51.8,103.75972185458002,-51.959721854580025,51.959721854580025,17.04,137.68,1.0
23416,51.8,103.75972185458002,-51.959721854580025,51.959721854580025,17.04,137.68,1.0
41526,44.99,96.79075125094045,-51.80075125094044,51.80075125094044,24.96,139.9,4.0
13841,52.27,103.90738433111486,-51.63738433111485,51.63738433111485,35.56,175.66,3.0
38705,228.0,176.50256900295983,51.49743099704017,51.49743099704017,34.68,262.68,3.0
30236,250.0,198.5131640434948,51.48683595650519,51.48683595650519,30.87,280.87,3.0
50004,55.8,107.26352559897572,-51.46352559897572,51.46352559897572,28.88,169.36,1.0
50003,55.8,107.26352559897572,-51.46352559897572,51.46352559897572,28.88,169.36,1.0
37069,275.5,224.06902607827584,51.43097392172416,51.43097392172416,35.47,310.28,8.0
49149,205.0,153.59120001921445,51.408799980785545,51.408799980785545,38.57,243.57,3.0
30684,49.98,101.343000395041,-51.363000395041006,51.363000395041006,14.88,129.72,1.0
46310,39.8,91.09524266816067,-51.29524266816067,51.29524266816067,30.2,140.0,6.0
27703,49.8,101.07502493826632,-51.27502493826633,51.27502493826633,14.78,129.16,1.0
35049,43.28,94.54663781306834,-51.26663781306834,51.26663781306834,14.78,116.12,3.0
47285,179.0,127.7388831196684,51.2611168803316,51.2611168803316,39.09,218.09,1.0
954,56.0,107.25317622550796,-51.25317622550796,51.25317622550796,30.2,172.4,1.0
40278,49.89,101.1401999174976,-51.250199917497596,51.250199917497596,15.1,129.98,1.0
21909,53.8,105.00189965895501,-51.201899658955014,51.201899658955014,24.96,157.52,1.0
35119,189.9,138.7417044815361,51.158295518463916,51.158295518463916,39.18,229.28,2.0
26800,37.54,88.59995798741781,-51.05995798741781,51.05995798741781,33.58,142.24,7.0
19325,43.98,95.03706321465614,-51.05706321465615,51.05706321465615,25.38,138.72,4.0
43900,199.6,148.59379724973573,51.006202750264265,51.006202750264265,37.21,236.81,2.0
8384,49.24,100.14164414392644,-50.90164414392644,50.90164414392644,14.86,128.2,1.0
46007,49.8,100.67489154502542,-50.87489154502542,50.87489154502542,16.35,132.3,1.0
552,196.99,146.20243267330855,50.78756732669146,50.78756732669146,35.54,232.53,1.0
32109,279.9,229.1127191127637,50.78728088723628,50.78728088723628,25.18,310.28,1.0
41154,199.9,149.2166010802721,50.68339891972789,50.68339891972789,34.94,234.84,1.0
16848,49.8,100.43786985348777,-50.63786985348777,50.63786985348777,17.28,134.16,1.0
24005,50.25,100.87588404456503,-50.625884044565026,50.625884044565026,18.44,137.38,1.0
11436,45.8,96.3817317128998,-50.58173171289981,50.58173171289981,23.7,139.0,3.0
1624,234.0,183.4840823078864,50.51591769211359,50.51591769211359,39.18,276.62,5.0
25967,48.89,99.3416484186393,-50.451648418639294,50.451648418639294,15.76,129.3,1.0
9972,279.0,228.6985162252678,50.30148377473219,50.30148377473219,20.92,299.92,1.0
23237,55.8,106.06567403959198,-50.265674039591985,50.265674039591985,33.58,178.76,1.0
39227,51.8,102.06234070872989,-50.262340708729894,50.262340708729894,23.7,151.0,1.0
27573,269.99,219.79157437260133,50.19842562739868,50.19842562739868,22.38,292.37,1.0
22260,219.9,169.89594086141656,50.00405913858344,50.00405913858344,36.6,256.5,4.0
14092,47.8,97.65122812360951,-49.851228123609516,49.851228123609516,15.42,126.44,1.0
16270,250.0,200.22469531261873,49.775304687381265,49.775304687381265,35.02,285.02,6.0
12522,51.8,101.55771388158527,-49.757713881585275,49.757713881585275,25.68,154.96,1.0
38582,37.98,87.73389926428206,-49.75389926428206,49.75389926428206,23.7,123.36,5.0
3809,47.6,97.3251596123142,-49.725159612314194,49.725159612314194,15.42,126.04,1.0
15521,55.8,105.3316713819271,-49.5316713819271,49.5316713819271,36.46,184.52,1.0
40913,38.2,87.63728778747728,-49.437287787477274,49.437287787477274,17.44,111.28,4.0
16938,46.89,96.24479122478462,-49.35479122478462,49.35479122478462,31.21,156.2,3.0
31862,233.91,184.6084522831452,49.3015477168548,49.3015477168548,35.44,269.35,5.0
12480,219.8,170.50298584118102,49.297014158818996,49.297014158818996,34.04,253.84,3.0
7945,46.98,96.25481275802719,-49.27481275802719,49.27481275802719,23.7,141.36,2.0
11902,238.0,188.82419294523112,49.17580705476888,49.17580705476888,26.95,264.95,1.0
41237,49.98,99.15118690340273,-49.171186903402734,49.171186903402734,23.48,146.92,1.0
33131,49.98,99.09511725594223,-49.11511725594223,49.11511725594223,23.7,147.36,1.0
32784,169.0,119.97238232965859,49.027617670341414,49.027617670341414,38.73,207.73,1.0
9712,225.0,175.97563355448952,49.02436644551048,49.02436644551048,36.72,261.72,5.0
22375,49.8,98.8016555957764,-49.0016555957764,49.0016555957764,23.7,147.0,1.0
4345,189.9,140.95040339104855,48.94959660895145,48.94959660895145,38.88,228.78,3.0
19854,190.0,141.2213077575627,48.7786922424373,48.7786922424373,34.87,224.87,1.0
11751,179.0,130.23206073697742,48.76793926302258,48.76793926302258,36.76,215.76,1.0
3521,170.0,121.30054757688038,48.699452423119624,48.699452423119624,39.18,210.4,1.0
22607,229.9,181.23687494432244,48.66312505567757,48.66312505567757,27.87,257.77,1.0
42973,249.9,201.24429082454645,48.65570917545355,48.65570917545355,39.18,290.86,8.0
10486,51.12,99.75239138913108,-48.63239138913108,48.63239138913108,36.46,175.16,2.0
35282,49.98,98.59049042879758,-48.61049042879758,48.61049042879758,25.68,151.32,1.0
35281,49.98,98.59049042879758,-48.61049042879758,48.61049042879758,25.68,151.32,1.0
40863,51.8,100.40573748830559,-48.60573748830559,48.60573748830559,30.2,164.0,1.0
5880,269.0,220.41465865761367,48.58534134238633,48.58534134238633,22.96,291.96,2.0
11062,269.0,220.49277974696085,48.50722025303915,48.50722025303915,26.72,295.72,4.0
10220,35.98,84.47321415132856,-48.493214151328566,48.493214151328566,23.7,119.36,5.0
39404,49.5,97.88438461186217,-48.384384611862174,48.384384611862174,25.38,149.76,1.0
12965,39.8,88.18308582202482,-48.383085822024825,48.383085822024825,33.58,146.76,5.0
11776,279.9,231.5823371261722,48.31766287382777,48.31766287382777,23.87,310.28,1.0
12199,279.0,230.72731670022426,48.272683299775736,48.272683299775736,26.69,305.69,5.0
25187,177.0,128.81572484293065,48.18427515706935,48.18427515706935,36.56,213.56,1.0
29063,270.0,221.82156701503112,48.17843298496888,48.17843298496888,26.24,296.24,4.0
7309,45.0,93.14050620999154,-48.14050620999154,48.14050620999154,31.3,152.6,3.0
14676,189.99,141.90921230423788,48.080787695762126,48.080787695762126,39.18,230.65,3.0
47172,198.0,150.0785693614529,47.92143063854709,47.92143063854709,36.52,234.52,3.0
19031,49.8,97.65477644317497,-47.85477644317497,47.85477644317497,28.2,156.0,1.0
32724,179.8,131.95423107171794,47.84576892828207,47.84576892828207,35.76,215.56,1.0
8974,33.8,81.60882728863743,-47.80882728863743,47.80882728863743,29.04,125.68,6.0
8973,33.8,81.60882728863743,-47.80882728863743,47.80882728863743,29.04,125.68,6.0
38158,266.0,218.19759260626242,47.80240739373758,47.80240739373758,20.83,286.83,1.0
35196,230.0,182.2236575693455,47.776342430654495,47.776342430654495,34.69,264.69,5.0
38623,279.9,232.16675054919256,47.73324945080742,47.73324945080742,23.56,310.28,1.0
13456,249.99,202.33251283071203,47.657487169287975,47.657487169287975,23.46,273.45,1.0
5956,279.9,232.40532606664976,47.494673933350214,47.494673933350214,18.21,298.2,1.0
33874,159.0,111.51849223801986,47.48150776198014,47.48150776198014,39.18,198.4,1.0
23663,169.99,122.51979604459243,47.470203955407584,47.470203955407584,39.18,209.38,2.0
35773,169.9,122.45715032418636,47.44284967581365,47.44284967581365,39.01,208.91,2.0
4465,228.0,180.60401534599026,47.39598465400974,47.39598465400974,34.68,262.68,5.0
26849,180.0,132.60948065095454,47.39051934904546,47.39051934904546,35.3,215.3,1.0
16691,279.9,232.62560220076588,47.274397799234094,47.274397799234094,26.58,310.28,4.0
44510,39.98,87.11578420517986,-47.13578420517987,47.13578420517987,14.78,109.52,2.0
13365,51.8,98.81030115602007,-47.01030115602008,47.01030115602008,36.46,176.52,1.0
10793,43.6,90.59989975927803,-46.99989975927803,46.99989975927803,16.22,119.64,1.0
14080,39.98,86.95267250347655,-46.97267250347655,46.97267250347655,15.42,110.8,2.0
42316,45.8,92.73393979023174,-46.93393979023175,46.93393979023175,21.92,135.44,1.0
27225,259.99,213.06248386506107,46.92751613493894,46.92751613493894,26.8,286.79,4.0
35871,279.9,233.03986447831483,46.86013552168515,46.86013552168515,21.45,301.44,3.0
7470,39.8,86.59967637403932,-46.79967637403932,46.79967637403932,23.7,127.0,3.0
41857,209.0,162.21626365864716,46.783736341352835,46.783736341352835,39.18,250.53,5.0
18426,259.9,213.13892311372058,46.7610768862794,46.7610768862794,26.66,286.56,4.0
46804,229.9,183.14475299744578,46.75524700255423,46.75524700255423,29.92,259.82,3.0
2628,209.99,163.2835391317195,46.706460868280516,46.706460868280516,35.23,245.22,4.0
34398,40.0,86.69983387662526,-46.69983387662526,46.69983387662526,16.54,113.08,2.0
6818,210.0,163.30044145870426,46.699558541295744,46.699558541295744,39.18,251.86,5.0
39258,49.5,96.14112829990799,-46.64112829990799,46.64112829990799,32.22,163.44,1.0
24989,41.98,88.49721992673435,-46.51721992673435,46.51721992673435,30.2,144.36,3.0
19878,185.9,139.38411169910415,46.51588830089585,46.51588830089585,35.38,221.28,2.0
22513,38.98,85.48034440802488,-46.50034440802488,46.50034440802488,14.8,107.56,2.0
34890,160.56,114.07676738850452,46.48323261149548,46.48323261149548,37.81,198.37,1.0
802,269.99,223.51850905637934,46.471490943620665,46.471490943620665,22.73,292.72,3.0
8584,279.9,233.4486896706565,46.45131032934347,46.45131032934347,22.88,310.28,1.0
48218,198.9,152.51357647818568,46.38642352181432,46.38642352181432,34.93,233.83,3.0
32378,199.0,152.6202350600649,46.379764939935086,46.379764939935086,32.99,231.99,2.0
12755,47.4,93.74195430763075,-46.34195430763075,46.34195430763075,28.2,151.2,1.0
12754,47.4,93.74195430763075,-46.34195430763075,46.34195430763075,28.2,151.2,1.0
49643,225.0,178.67959907673185,46.32040092326815,46.32040092326815,30.36,255.36,3.0
15840,39.8,86.1154385096076,-46.3154385096076,46.3154385096076,25.6,130.8,3.0
29382,38.98,85.2356768554699,-46.25567685546991,46.25567685546991,15.76,109.48,2.0
15097,47.98,94.11156479374745,-46.13156479374745,46.13156479374745,30.46,156.88,1.0
28375,199.9,153.85306407937745,46.04693592062256,46.04693592062256,34.44,234.34,3.0
24623,149.99,104.08006400485164,45.90993599514837,45.90993599514837,39.1,189.09,1.0
30026,279.9,233.9953990018691,45.90460099813089,45.90460099813089,22.59,310.28,1.0
45809,149.9,104.00669858981018,45.89330141018982,45.89330141018982,39.1,189.0,1.0
20808,149.9,104.00669858981018,45.89330141018982,45.89330141018982,39.1,189.0,1.0
20892,31.8,77.65838226525574,-45.85838226525574,45.85838226525574,23.7,111.0,5.0
21787,49.98,95.81759149984123,-45.83759149984123,45.83759149984123,36.56,173.08,1.0
46868,48.4,94.22032047082786,-45.82032047082786,45.82032047082786,32.72,162.24,1.0
16397,199.6,153.7871996014747,45.8128003985253,45.8128003985253,30.44,230.04,1.0
16398,199.6,153.7871996014747,45.8128003985253,45.8128003985253,30.44,230.04,1.0
4278,42.72,88.47360599620674,-45.753605996206744,45.753605996206744,26.98,139.4,2.0
4279,42.72,88.47360599620674,-45.753605996206744,45.753605996206744,26.98,139.4,2.0
30019,43.98,89.70718186817265,-45.72718186817266,45.72718186817266,30.2,148.36,2.0
46837,42.4,88.01652808808382,-45.61652808808382,45.61652808808382,18.68,122.16,1.0
30779,45.98,91.4268678774338,-45.44686787743381,45.44686787743381,28.2,148.36,1.0
18524,279.9,234.46420095094734,45.43579904905263,45.43579904905263,18.21,298.21,2.0
3986,35.98,81.27561182721193,-45.295611827211935,45.295611827211935,28.2,128.36,4.0
11258,148.0,102.73608182231624,45.26391817768376,45.26391817768376,38.84,186.84,1.0
45710,230.0,184.73875788321325,45.26124211678675,45.26124211678675,26.59,256.59,2.0
35973,39.98,85.23653481378085,-45.25653481378085,45.25653481378085,30.2,140.36,3.0
1165,39.8,84.94307315361505,-45.14307315361505,45.14307315361505,30.2,140.0,3.0
17306,31.0,76.1180027300085,-45.1180027300085,45.1180027300085,16.58,95.16,4.0
27289,37.8,82.85730201699323,-45.05730201699323,45.05730201699323,25.59,126.78,3.0
11879,229.99,184.93765328755174,45.05234671244827,45.05234671244827,24.48,254.47,1.0
16220,259.99,214.97836552412497,45.01163447587504,45.01163447587504,19.26,279.25,1.0
2120,29.8,74.79181710339319,-44.99181710339319,44.99181710339319,30.2,120.0,6.0
6362,39.8,84.77159937349883,-44.97159937349883,44.97159937349883,14.78,109.16,1.0
44902,279.9,235.00704393198282,44.892956068017156,44.892956068017156,15.71,295.61,1.0
1593,39.98,84.86626864721373,-44.88626864721373,44.88626864721373,15.56,111.08,1.0
34388,39.8,84.68494628196896,-44.884946281968965,44.884946281968965,15.12,109.84,1.0
30439,228.0,183.11911565985804,44.88088434014196,44.88088434014196,26.58,254.58,2.0
32040,40.0,84.85300033223922,-44.85300033223922,44.85300033223922,15.74,111.48,1.0
48083,149.0,104.15749559552734,44.84250440447266,44.84250440447266,39.18,189.37,1.0
10591,45.8,90.6236821494451,-44.823682149445105,44.823682149445105,30.2,152.0,1.0
1087,45.8,90.6236821494451,-44.823682149445105,44.823682149445105,30.2,152.0,1.0
4139,39.8,84.57280698704793,-44.77280698704793,44.77280698704793,15.56,110.72,1.0
30559,39.8,84.57280698704793,-44.77280698704793,44.77280698704793,15.56,110.72,1.0
37906,220.0,175.24950346064227,44.75049653935773,44.75049653935773,27.84,247.84,2.0
22112,39.8,84.5489532025241,-44.748953202524106,44.748953202524106,23.7,127.0,2.0
40497,235.9,191.2351802702039,44.66481972979611,44.66481972979611,26.93,262.83,3.0
11302,30.99,75.62419109955758,-44.63419109955758,44.63419109955758,26.5,114.98,5.0
31214,179.9,135.2946647880792,44.60533521192082,44.60533521192082,39.18,220.02,4.0
45094,35.8,80.30095231910704,-44.50095231910704,44.50095231910704,14.78,101.16,2.0
15958,159.6,115.10255925892884,44.49744074107116,44.49744074107116,36.12,195.72,1.0
31639,279.9,235.43673909753036,44.463260902469614,44.463260902469614,19.21,299.2,3.0
30766,44.49,88.92884471912734,-44.43884471912734,44.43884471912734,28.47,145.92,1.0
12957,279.9,235.46170875036398,44.438291249635995,44.438291249635995,22.9,310.28,2.0
37421,39.98,84.38712802346025,-44.40712802346025,44.40712802346025,17.44,114.84,1.0
38464,265.0,220.60322159759497,44.39677840240503,44.39677840240503,17.82,282.82,1.0
5211,209.9,165.52144567092162,44.37855432907838,44.37855432907838,33.07,242.97,4.0
27304,199.0,154.64581677752471,44.354183222475285,44.354183222475285,34.93,233.93,4.0
14650,249.0,204.64946850641775,44.35053149358225,44.35053149358225,26.29,275.29,4.0
22877,148.0,103.66839282858433,44.33160717141567,44.33160717141567,39.18,188.77,1.0
33831,246.62,202.30970775090256,44.310292249097444,44.310292249097444,28.58,275.2,5.0
23824,39.8,84.09366636329445,-44.29366636329445,44.29366636329445,17.44,114.48,1.0
45940,269.0,224.7627346927543,44.23726530724571,44.23726530724571,16.98,285.98,1.0
19253,186.99,142.76208522188062,44.227914778119384,44.227914778119384,34.97,221.96,3.0
28514,38.98,83.1849536839547,-44.204953683954706,44.204953683954706,15.76,109.48,1.0
32260,39.98,84.10677978615769,-44.12677978615769,44.12677978615769,18.54,117.04,1.0
34749,200.0,155.88952341093875,44.11047658906125,44.11047658906125,28.78,228.78,1.0
45141,37.98,82.03538417009875,-44.055384170098755,44.055384170098755,21.92,119.8,2.0
30967,279.89,235.84047774798637,44.04952225201362,44.04952225201362,16.84,296.73,2.0
11605,143.0,98.9705350916478,44.029464908352196,44.029464908352196,38.55,181.55,1.0
1707,39.0,83.00857366727686,-44.00857366727686,44.00857366727686,16.58,111.16,1.0
7881,279.9,235.89945563816116,44.00054436183882,44.00054436183882,21.58,310.28,1.0
25918,279.9,235.89945563816116,44.00054436183882,44.00054436183882,21.58,310.28,1.0
11912,230.0,186.0008751612343,43.99912483876571,43.99912483876571,31.16,261.16,5.0
9079,37.98,81.97584970082735,-43.99584970082736,43.99584970082736,30.2,136.36,3.0
901,185.78,141.79390988395852,43.98609011604148,43.98609011604148,31.12,216.9,1.0
45814,47.0,90.98465688493167,-43.98465688493167,43.98465688493167,36.46,166.92,1.0
27027,189.96,146.0145511442288,43.94544885577122,43.94544885577122,30.36,220.32,1.0
30173,215.0,171.0559434051139,43.94405659488609,43.94405659488609,27.95,242.95,2.0
9433,192.9,149.063875022661,43.83612497733901,43.83612497733901,29.75,222.65,1.0
17067,279.9,236.0649742192882,43.83502578071179,43.83502578071179,22.58,310.28,2.0
42884,37.98,81.80437592071115,-43.824375920711155,43.824375920711155,14.78,105.52,1.0
8043,188.0,144.19854595832342,43.80145404167658,43.80145404167658,38.23,226.23,5.0
27601,35.8,79.59916552437883,-43.799165524378836,43.799165524378836,25.58,122.76,3.0
25369,279.9,236.1049310289682,43.79506897103178,43.79506897103178,26.91,310.28,6.0
36412,265.0,221.2484603423815,43.75153965761851,43.75153965761851,21.05,286.05,3.0
46176,211.8,168.05792050424904,43.74207949575097,43.74207949575097,35.98,247.78,6.0
6941,279.9,236.16338428081548,43.7366157191845,43.7366157191845,21.44,310.28,1.0
39867,28.05,71.76724384944265,-43.71724384944265,43.71724384944265,14.78,85.66,4.0
22461,259.99,216.31590716431222,43.67409283568779,43.67409283568779,18.01,278.0,1.0
34824,42.3,85.94712581877863,-43.64712581877863,43.64712581877863,26.16,136.92,1.0
15150,39.8,83.34253958065128,-43.54253958065128,43.54253958065128,36.48,152.56,3.0
45638,39.8,83.34253958065128,-43.54253958065128,43.54253958065128,36.48,152.56,3.0
29944,279.9,236.35830728973446,43.54169271026552,43.54169271026552,24.6,310.28,4.0
8238,179.9,136.36564232593608,43.534357674063926,43.534357674063926,33.63,213.53,2.0
26429,145.97,102.53530475183297,43.43469524816703,43.43469524816703,39.18,187.38,1.0
22863,37.78,81.19795917211322,-43.417959172113214,43.417959172113214,15.88,107.32,1.0
48647,45.8,89.18116303750642,-43.381163037506425,43.381163037506425,35.86,163.32,1.0
48648,45.8,89.18116303750642,-43.381163037506425,43.381163037506425,35.86,163.32,1.0
44057,219.0,175.6479126878615,43.35208731213851,43.35208731213851,39.18,259.46,8.0
14363,269.7,226.40338789967095,43.29661210032904,43.29661210032904,15.98,285.68,1.0
17634,233.35,190.20190739910623,43.14809260089376,43.14809260089376,22.12,255.47,1.0
47988,277.99,234.86251076258526,43.12748923741475,43.12748923741475,14.39,292.38,1.0
26742,36.98,80.09247751338273,-43.112477513382736,43.112477513382736,15.1,104.16,1.0
17271,220.0,176.94389688165137,43.05610311834863,43.05610311834863,24.34,244.34,1.0
46639,42.98,86.02866476051977,-43.04866476051978,43.04866476051978,30.19,146.34,1.0
46640,42.98,86.02866476051977,-43.04866476051978,43.04866476051978,30.19,146.34,1.0
2373,149.9,106.92788953197916,42.972110468020844,42.972110468020844,36.37,186.27,1.0
8701,149.99,107.02339004528093,42.966609954719075,42.966609954719075,39.18,190.37,2.0
40124,258.64,215.6862405960363,42.95375940396369,42.95375940396369,17.57,276.21,1.0
48605,250.0,207.08787166162716,42.91212833837284,42.91212833837284,20.94,270.94,2.0
29336,279.9,237.00342668247436,42.89657331752562,42.89657331752562,23.17,310.28,3.0
10128,159.9,117.01262182154164,42.88737817845836,42.88737817845836,36.48,196.38,2.0
10142,174.9,132.01531806139766,42.88468193860234,42.88468193860234,31.97,206.87,1.0
35911,37.5,80.38465640882374,-42.884656408823744,42.884656408823744,17.28,109.56,1.0
30604,238.0,195.1336486991026,42.866351300897406,42.866351300897406,22.97,260.97,2.0
48665,269.0,226.16073754385812,42.83926245614188,42.83926245614188,17.59,286.59,2.0
8912,265.9,223.10243071305666,42.797569286943315,42.797569286943315,16.17,282.07,1.0
30962,169.9,127.10431365641321,42.795686343586794,42.795686343586794,38.5,208.4,4.0
139,149.0,106.20821876704255,42.79178123295745,42.79178123295745,39.18,189.37,2.0
14759,199.98,157.2064988074331,42.7735011925669,42.7735011925669,35.2,235.18,5.0
15373,179.0,136.29914961686683,42.70085038313317,42.70085038313317,31.09,210.09,1.0
5632,39.8,82.49823003100889,-42.69823003100889,42.69823003100889,23.7,127.0,1.0
47490,27.98,70.65915793823473,-42.679157938234724,42.679157938234724,18.68,93.32,4.0
20467,38.66,81.32939942705357,-42.66939942705358,42.66939942705358,29.04,135.4,2.0
38101,219.0,176.37483326520746,42.62516673479254,42.62516673479254,24.11,243.11,1.0
47940,35.8,78.42170292770803,-42.62170292770803,42.62170292770803,30.2,132.0,3.0
18305,256.78,214.18072235163444,42.59927764836553,42.59927764836553,17.56,274.34,1.0
18469,279.9,237.4328739062557,42.46712609374427,42.46712609374427,24.03,310.28,4.0
8723,279.9,237.43702373826363,42.462976261736344,42.462976261736344,22.94,310.28,3.0
29103,39.8,82.24336799709747,-42.44336799709747,42.44336799709747,24.7,129.0,1.0
26967,169.9,127.47882531566563,42.421174684334375,42.421174684334375,38.15,208.05,4.0
14816,249.0,206.58301004391222,42.416989956087775,42.416989956087775,20.65,269.65,2.0
29039,279.9,237.51243192187917,42.38756807812081,42.38756807812081,22.9,310.28,3.0
19628,216.0,173.71531276806238,42.284687231937625,42.284687231937625,24.31,240.31,1.0
13046,178.36,136.13055099180372,42.2294490081963,42.2294490081963,30.76,209.12,1.0
19210,249.0,206.78257558540824,42.21742441459176,42.21742441459176,22.38,271.38,3.0
40729,278.77,236.6218793373685,42.14812066263147,42.14812066263147,13.34,292.11,1.0
44242,214.6,172.48098873793182,42.11901126206817,42.11901126206817,28.23,242.83,3.0
5343,41.86,83.94272182267616,-42.08272182267616,42.08272182267616,31.21,146.14,1.0
12833,229.0,186.92342066680675,42.07657933319325,42.07657933319325,21.87,250.87,1.0
45206,279.9,237.8699483601004,42.03005163989957,42.03005163989957,26.45,306.35,8.0
24722,31.5,73.52148757564464,-42.02148757564464,42.02148757564464,21.92,106.84,3.0
36619,37.98,79.98466099858354,-42.00466099858354,42.00466099858354,21.92,119.8,1.0
36620,37.98,79.98466099858354,-42.00466099858354,42.00466099858354,21.92,119.8,1.0
25077,169.9,127.93198009458098,41.96801990541903,41.96801990541903,35.81,205.71,3.0
13268,43.8,85.76756070420609,-41.96756070420609,41.96756070420609,36.46,160.52,1.0
27103,259.0,217.06043590147345,41.939564098526546,41.939564098526546,16.56,275.56,1.0
5293,139.9,98.02715343109057,41.87284656890944,41.87284656890944,37.07,176.97,1.0
34594,236.9,195.02826291371545,41.871737086284554,41.871737086284554,27.98,264.88,5.0
44162,192.99,151.151599791725,41.838400208275004,41.838400208275004,37.45,230.44,6.0
17761,241.0,199.1665526236118,41.83344737638819,41.83344737638819,19.57,260.57,1.0
796,234.9,193.08117318172194,41.81882681827807,41.81882681827807,20.61,255.51,1.0
28841,37.8,79.56540074032935,-41.765400740329355,41.765400740329355,30.46,136.52,2.0
31851,35.0,76.74716271595953,-41.74716271595953,41.74716271595953,15.56,101.12,1.0
22675,234.99,193.24710080704443,41.742899192955576,41.742899192955576,22.44,257.43,2.0
39291,25.98,67.7145017473314,-41.73450174733139,41.73450174733139,17.44,86.84,4.0
33992,239.99,198.27476481573393,41.71523518426608,41.71523518426608,27.3,267.29,5.0
43770,279.0,237.31550314557035,41.68449685442965,41.68449685442965,16.7,295.7,3.0
46208,241.1,199.42997541450111,41.67002458549888,41.67002458549888,19.4,260.5,1.0
22497,32.96,74.56794306927212,-41.60794306927212,41.60794306927212,35.2,136.32,4.0
18876,40.8,82.4057052382444,-41.6057052382444,41.6057052382444,30.46,142.52,1.0
23441,159.99,118.38446833209676,41.60553166790325,41.60553166790325,33.35,193.34,1.0
8607,269.9,228.33197712036582,41.56802287963416,41.56802287963416,14.33,284.23,1.0
8390,39.8,81.35135087840746,-41.55135087840746,41.55135087840746,28.2,136.0,1.0
8391,39.8,81.35135087840746,-41.55135087840746,41.55135087840746,28.2,136.0,1.0
22650,260.0,218.62036768008852,41.37963231991148,41.37963231991148,23.53,283.53,5.0
37832,137.9,96.58567608298833,41.31432391701168,41.31432391701168,38.81,176.71,2.0
45493,279.9,238.61415024832013,41.28584975167985,41.28584975167985,20.14,310.28,1.0
48383,140.89,99.64739831378037,41.242601686219615,41.242601686219615,36.31,177.2,1.0
22330,259.9,218.75337924501042,41.146620754989556,41.146620754989556,17.58,277.48,2.0
17760,235.0,193.94703338491175,41.05296661508825,41.05296661508825,23.71,258.71,3.0
29051,39.8,80.84162681058461,-41.04162681058462,41.04162681058462,30.2,140.0,1.0
14095,33.8,74.82643233293503,-41.02643233293503,41.02643233293503,15.42,98.44,1.0
6396,199.9,158.892920979603,41.007079020397015,41.007079020397015,29.73,229.63,3.0
16009,249.99,208.99455754727717,40.99544245272284,40.99544245272284,24.9,274.89,5.0
39486,33.8,74.79075164818742,-40.99075164818743,40.99075164818743,15.56,98.72,1.0
38088,279.9,238.9346350286861,40.965364971313875,40.965364971313875,19.97,310.28,1.0
31150,205.0,164.03472514579653,40.96527485420347,40.96527485420347,28.81,233.81,3.0
16320,149.99,109.07411321679615,40.91588678320386,40.91588678320386,39.18,190.37,3.0
1339,199.9,159.0143654317519,40.88563456824809,40.88563456824809,27.7,227.6,2.0
943,33.8,74.62254270580588,-40.82254270580589,40.82254270580589,16.22,100.04,1.0
870,198.9,158.09593161011097,40.80406838988904,40.80406838988904,25.88,224.78,1.0
30545,269.0,228.2114607153733,40.788539284626694,40.788539284626694,17.59,286.59,3.0
23826,228.0,187.22056200288844,40.77943799711156,40.77943799711156,26.58,254.58,4.0
34737,279.9,239.12315548772492,40.77684451227506,40.77684451227506,19.87,310.28,1.0
11766,33.8,74.54098685495423,-40.74098685495423,40.74098685495423,16.54,100.68,1.0
46340,40.66,81.38228773453397,-40.72228773453398,40.72228773453398,33.58,148.48,1.0
11186,25.8,66.51536366530823,-40.71536366530823,40.71536366530823,29.04,109.68,5.0
11185,25.8,66.51536366530823,-40.71536366530823,40.71536366530823,29.04,109.68,5.0
18412,40.6,81.2844671811454,-40.6844671811454,40.6844671811454,33.58,148.36,1.0
41627,200.0,159.3312898882487,40.668710111751295,40.668710111751295,27.48,227.48,2.0
44157,239.9,199.25751362222405,40.64248637777595,40.64248637777595,22.48,262.38,3.0
41674,235.0,194.40392895163953,40.59607104836047,40.59607104836047,19.45,254.45,1.0
34505,229.99,189.4489310466958,40.541068953304205,40.541068953304205,27.93,257.92,5.0
13694,237.0,196.52170198326132,40.47829801673868,40.47829801673868,32.41,269.41,8.0
35415,274.9,234.42645568370838,40.473544316291594,40.473544316291594,14.36,289.26,2.0
22022,25.98,66.4469212373198,-40.466921237319795,40.466921237319795,30.46,112.88,5.0
565,179.99,139.5265385356277,40.4634614643723,40.4634614643723,39.18,220.18,6.0
